[04-Aug-2026 14:36:13 Asia/Manila] PDOException: SQLSTATE[42S22]: Column not found: 1054 Unknown column 'u.must_change_password' in 'field list' in C:\xampp\htdocs\inventory_system\includes\auth.php:97
Stack trace:
#0 C:\xampp\htdocs\inventory_system\includes\auth.php(97): PDO->prepare('SELECT u.user_i...')
#1 C:\xampp\htdocs\inventory_system\index.php(55): login_user(Object(PDO), 'superadmin', 'SuperAdmin@123')
#2 {main}
[04-Aug-2026 14:37:17 Asia/Manila] PDOException: SQLSTATE[42S22]: Column not found: 1054 Unknown column 'u.must_change_password' in 'field list' in C:\xampp\htdocs\inventory_system\includes\auth.php:97
Stack trace:
#0 C:\xampp\htdocs\inventory_system\includes\auth.php(97): PDO->prepare('SELECT u.user_i...')
#1 C:\xampp\htdocs\inventory_system\index.php(55): login_user(Object(PDO), 'superadmin', 'SupeAdmin@123')
#2 {main}
[17-Aug-2026 14:37:51 Asia/Manila] PHP Warning:  Undefined array key "REQUEST_METHOD" in C:\xampp\htdocs\inventory_system\frontend\index.php on line 48
[20-Aug-2026 13:27:56 Asia/Manila] Database connection failed: SQLSTATE[HY000] [2002] php_network_getaddresses: getaddrinfo for sql305.infinityfree.com failed: No such host is known. 
[20-Aug-2026 13:27:56 Asia/Manila] Unable to connect to the database.
[20-Aug-2026 13:27:57 Asia/Manila] Database connection failed: SQLSTATE[HY000] [2002] php_network_getaddresses: getaddrinfo for sql305.infinityfree.com failed: No such host is known. 
[20-Aug-2026 13:27:57 Asia/Manila] Unable to connect to the database.
[20-Aug-2026 13:27:58 Asia/Manila] Database connection failed: SQLSTATE[HY000] [2002] php_network_getaddresses: getaddrinfo for sql305.infinityfree.com failed: No such host is known. 
[20-Aug-2026 13:27:58 Asia/Manila] Unable to connect to the database.
[20-Aug-2026 13:28:02 Asia/Manila] Database connection failed: SQLSTATE[HY000] [2002] php_network_getaddresses: getaddrinfo for sql305.infinityfree.com failed: No such host is known. 
[20-Aug-2026 13:28:02 Asia/Manila] Unable to connect to the database.
[20-Aug-2026 13:28:09 Asia/Manila] Database connection failed: SQLSTATE[HY000] [2002] php_network_getaddresses: getaddrinfo for sql305.infinityfree.com failed: No such host is known. 
[20-Aug-2026 13:28:09 Asia/Manila] Unable to connect to the database.
[20-Aug-2026 13:28:11 Asia/Manila] Database connection failed: SQLSTATE[HY000] [2002] php_network_getaddresses: getaddrinfo for sql305.infinityfree.com failed: No such host is known. 
[20-Aug-2026 13:28:11 Asia/Manila] Unable to connect to the database.
[20-Aug-2026 13:28:19 Asia/Manila] Database connection failed: SQLSTATE[HY000] [2002] php_network_getaddresses: getaddrinfo for sql305.infinityfree.com failed: No such host is known. 
[20-Aug-2026 13:28:19 Asia/Manila] Unable to connect to the database.
[20-Aug-2026 13:28:27 Asia/Manila] Database connection failed: SQLSTATE[HY000] [2002] php_network_getaddresses: getaddrinfo for sql305.infinityfree.com failed: No such host is known. 
[20-Aug-2026 13:28:27 Asia/Manila] Unable to connect to the database.
[20-Aug-2026 13:28:28 Asia/Manila] Database connection failed: SQLSTATE[HY000] [2002] php_network_getaddresses: getaddrinfo for sql305.infinityfree.com failed: No such host is known. 
[20-Aug-2026 13:28:28 Asia/Manila] Unable to connect to the database.
[20-Aug-2026 13:28:28 Asia/Manila] Database connection failed: SQLSTATE[HY000] [2002] php_network_getaddresses: getaddrinfo for sql305.infinityfree.com failed: No such host is known. 
[20-Aug-2026 13:28:28 Asia/Manila] Unable to connect to the database.
[02-Sep-2026 22:16:49 Asia/Manila] Database connection failed: SQLSTATE[HY000] [2002] No connection could be made because the target machine actively refused it
[02-Sep-2026 22:16:49 Asia/Manila] Unable to connect to the database.
[02-Sep-2026 22:17:46 Asia/Manila] Database connection failed: SQLSTATE[HY000] [2002] No connection could be made because the target machine actively refused it
[02-Sep-2026 22:17:46 Asia/Manila] Unable to connect to the database.
[04-Sep-2026 12:53:40 Asia/Manila] PHP Warning:  include(C:\xampp\htdocs\inventory_system\src\frontend\components/../sidebar.php): Failed to open stream: No such file or directory in C:\xampp\htdocs\inventory_system\src\frontend\components\dashboard.php on line 44
[04-Sep-2026 12:53:40 Asia/Manila] PHP Warning:  include(): Failed opening 'C:\xampp\htdocs\inventory_system\src\frontend\components/../sidebar.php' for inclusion (include_path='C:\xampp\php\PEAR') in C:\xampp\htdocs\inventory_system\src\frontend\components\dashboard.php on line 44
[04-Sep-2026 12:53:47 Asia/Manila] PHP Warning:  include(C:\xampp\htdocs\inventory_system\src\frontend\components/../sidebar.php): Failed to open stream: No such file or directory in C:\xampp\htdocs\inventory_system\src\frontend\components\dashboard.php on line 44
[04-Sep-2026 12:53:47 Asia/Manila] PHP Warning:  include(): Failed opening 'C:\xampp\htdocs\inventory_system\src\frontend\components/../sidebar.php' for inclusion (include_path='C:\xampp\php\PEAR') in C:\xampp\htdocs\inventory_system\src\frontend\components\dashboard.php on line 44
[05-Sep-2026 00:05:56 Asia/Manila] Forecast readiness requires backend/sql/upgrade_random_forest_v2.sql: SQLSTATE[42S02]: Base table or view not found: 1146 Table 'inventory_system.forecast_evaluations' doesn't exist
[05-Sep-2026 00:06:34 Asia/Manila] Forecast readiness requires backend/sql/upgrade_random_forest_v2.sql: SQLSTATE[42S02]: Base table or view not found: 1146 Table 'inventory_system.forecast_evaluations' doesn't exist
[05-Sep-2026 00:06:39 Asia/Manila] Forecast readiness requires backend/sql/upgrade_random_forest_v2.sql: SQLSTATE[42S02]: Base table or view not found: 1146 Table 'inventory_system.forecast_evaluations' doesn't exist
[05-Sep-2026 00:06:55 Asia/Manila] Forecast readiness requires backend/sql/upgrade_random_forest_v2.sql: SQLSTATE[42S02]: Base table or view not found: 1146 Table 'inventory_system.forecast_evaluations' doesn't exist
[05-Sep-2026 00:06:57 Asia/Manila] Forecast readiness requires backend/sql/upgrade_random_forest_v2.sql: SQLSTATE[42S02]: Base table or view not found: 1146 Table 'inventory_system.forecast_evaluations' doesn't exist
[05-Sep-2026 00:07:05 Asia/Manila] Forecast readiness requires backend/sql/upgrade_random_forest_v2.sql: SQLSTATE[42S02]: Base table or view not found: 1146 Table 'inventory_system.forecast_evaluations' doesn't exist
[05-Sep-2026 00:08:07 Asia/Manila] Forecast readiness requires backend/sql/upgrade_random_forest_v2.sql: SQLSTATE[42S02]: Base table or view not found: 1146 Table 'inventory_system.forecast_evaluations' doesn't exist
[05-Sep-2026 00:08:18 Asia/Manila] Forecast readiness requires backend/sql/upgrade_random_forest_v2.sql: SQLSTATE[42S02]: Base table or view not found: 1146 Table 'inventory_system.forecast_evaluations' doesn't exist
[05-Sep-2026 00:08:23 Asia/Manila] Forecast readiness requires backend/sql/upgrade_random_forest_v2.sql: SQLSTATE[42S02]: Base table or view not found: 1146 Table 'inventory_system.forecast_evaluations' doesn't exist
[05-Sep-2026 00:08:24 Asia/Manila] Forecast readiness requires backend/sql/upgrade_random_forest_v2.sql: SQLSTATE[42S02]: Base table or view not found: 1146 Table 'inventory_system.forecast_evaluations' doesn't exist
[05-Sep-2026 00:08:32 Asia/Manila] Forecast readiness requires backend/sql/upgrade_random_forest_v2.sql: SQLSTATE[42S02]: Base table or view not found: 1146 Table 'inventory_system.forecast_evaluations' doesn't exist
[05-Sep-2026 00:08:39 Asia/Manila] Forecast readiness requires backend/sql/upgrade_random_forest_v2.sql: SQLSTATE[42S02]: Base table or view not found: 1146 Table 'inventory_system.forecast_evaluations' doesn't exist
[05-Sep-2026 00:08:49 Asia/Manila] Forecast readiness requires backend/sql/upgrade_random_forest_v2.sql: SQLSTATE[42S02]: Base table or view not found: 1146 Table 'inventory_system.forecast_evaluations' doesn't exist
[05-Sep-2026 00:08:57 Asia/Manila] Forecast readiness requires backend/sql/upgrade_random_forest_v2.sql: SQLSTATE[42S02]: Base table or view not found: 1146 Table 'inventory_system.forecast_evaluations' doesn't exist
[05-Sep-2026 00:08:59 Asia/Manila] Forecast readiness requires backend/sql/upgrade_random_forest_v2.sql: SQLSTATE[42S02]: Base table or view not found: 1146 Table 'inventory_system.forecast_evaluations' doesn't exist
[05-Sep-2026 00:09:03 Asia/Manila] Forecast readiness requires backend/sql/upgrade_random_forest_v2.sql: SQLSTATE[42S02]: Base table or view not found: 1146 Table 'inventory_system.forecast_evaluations' doesn't exist
[05-Sep-2026 00:09:14 Asia/Manila] Forecast readiness requires backend/sql/upgrade_random_forest_v2.sql: SQLSTATE[42S02]: Base table or view not found: 1146 Table 'inventory_system.forecast_evaluations' doesn't exist
[05-Sep-2026 00:09:19 Asia/Manila] Forecast readiness requires backend/sql/upgrade_random_forest_v2.sql: SQLSTATE[42S02]: Base table or view not found: 1146 Table 'inventory_system.forecast_evaluations' doesn't exist
[05-Sep-2026 00:09:32 Asia/Manila] Forecast readiness requires backend/sql/upgrade_random_forest_v2.sql: SQLSTATE[42S02]: Base table or view not found: 1146 Table 'inventory_system.forecast_evaluations' doesn't exist
[05-Sep-2026 00:09:43 Asia/Manila] Forecast readiness requires backend/sql/upgrade_random_forest_v2.sql: SQLSTATE[42S02]: Base table or view not found: 1146 Table 'inventory_system.forecast_evaluations' doesn't exist
[05-Sep-2026 00:11:53 Asia/Manila] Forecast readiness requires backend/sql/upgrade_random_forest_v2.sql: SQLSTATE[42S02]: Base table or view not found: 1146 Table 'inventory_system.forecast_evaluations' doesn't exist
[05-Sep-2026 16:38:40 Asia/Manila] Forecast readiness requires backend/sql/upgrade_random_forest_v2.sql: SQLSTATE[42S02]: Base table or view not found: 1146 Table 'inventory_system.forecast_evaluations' doesn't exist
[05-Sep-2026 16:39:56 Asia/Manila] Forecast readiness requires backend/sql/upgrade_random_forest_v2.sql: SQLSTATE[42S02]: Base table or view not found: 1146 Table 'inventory_system.forecast_evaluations' doesn't exist
[05-Sep-2026 17:34:07 Asia/Manila] Forecast readiness requires backend/sql/upgrade_random_forest_v2.sql: SQLSTATE[42S02]: Base table or view not found: 1146 Table 'inventory_system.forecast_evaluations' doesn't exist
[12-Sep-2026 12:05:20 Asia/Manila] Database connection failed: SQLSTATE[HY000] [2002] php_network_getaddresses: getaddrinfo for sql312.infinityfree.com failed: No such host is known. 
[12-Sep-2026 12:05:20 Asia/Manila] Unable to connect to the database.
[12-Sep-2026 12:06:32 Asia/Manila] Forecast readiness requires backend/sql/upgrade_random_forest_v2.sql: SQLSTATE[42S02]: Base table or view not found: 1146 Table 'inventory_system.forecast_evaluations' doesn't exist
[12-Sep-2026 12:07:11 Asia/Manila] Forecast readiness requires backend/sql/upgrade_random_forest_v2.sql: SQLSTATE[42S02]: Base table or view not found: 1146 Table 'inventory_system.forecast_evaluations' doesn't exist
[13-Sep-2026 16:07:49 Asia/Manila] PDOException: SQLSTATE[42S02]: Base table or view not found: 1146 Table 'inventory_system.branches' doesn't exist in C:\xampp\htdocs\inventory_system\src\backend\includes\auth.php:164
Stack trace:
#0 C:\xampp\htdocs\inventory_system\src\backend\includes\auth.php(164): PDO->prepare('SELECT u.status...')
#1 C:\xampp\htdocs\inventory_system\src\backend\includes\auth.php(328): validate_current_session(Object(PDO))
#2 C:\xampp\htdocs\inventory_system\src\frontend\components\inventory_management\products.php(3): require_once('C:\\xampp\\htdocs...')
#3 {main}
[13-Sep-2026 16:07:58 Asia/Manila] PDOException: SQLSTATE[42S02]: Base table or view not found: 1146 Table 'inventory_system.branches' doesn't exist in C:\xampp\htdocs\inventory_system\src\backend\includes\auth.php:164
Stack trace:
#0 C:\xampp\htdocs\inventory_system\src\backend\includes\auth.php(164): PDO->prepare('SELECT u.status...')
#1 C:\xampp\htdocs\inventory_system\src\backend\includes\auth.php(328): validate_current_session(Object(PDO))
#2 C:\xampp\htdocs\inventory_system\src\frontend\components\dashboard.php(3): require_once('C:\\xampp\\htdocs...')
#3 {main}
[13-Sep-2026 16:08:11 Asia/Manila] PDOException: SQLSTATE[42S02]: Base table or view not found: 1146 Table 'inventory_system.branches' doesn't exist in C:\xampp\htdocs\inventory_system\src\backend\includes\auth.php:164
Stack trace:
#0 C:\xampp\htdocs\inventory_system\src\backend\includes\auth.php(164): PDO->prepare('SELECT u.status...')
#1 C:\xampp\htdocs\inventory_system\src\backend\includes\auth.php(328): validate_current_session(Object(PDO))
#2 C:\xampp\htdocs\inventory_system\src\frontend\components\dashboard.php(3): require_once('C:\\xampp\\htdocs...')
#3 {main}
[13-Sep-2026 16:08:35 Asia/Manila] PDOException: SQLSTATE[42S02]: Base table or view not found: 1146 Table 'inventory_system.branches' doesn't exist in C:\xampp\htdocs\inventory_system\src\backend\includes\auth.php:164
Stack trace:
#0 C:\xampp\htdocs\inventory_system\src\backend\includes\auth.php(164): PDO->prepare('SELECT u.status...')
#1 C:\xampp\htdocs\inventory_system\src\backend\includes\auth.php(328): validate_current_session(Object(PDO))
#2 C:\xampp\htdocs\inventory_system\src\frontend\components\dashboard.php(3): require_once('C:\\xampp\\htdocs...')
#3 {main}
[13-Sep-2026 16:08:44 Asia/Manila] PDOException: SQLSTATE[42S02]: Base table or view not found: 1146 Table 'inventory_system.branches' doesn't exist in C:\xampp\htdocs\inventory_system\src\backend\includes\auth.php:164
Stack trace:
#0 C:\xampp\htdocs\inventory_system\src\backend\includes\auth.php(164): PDO->prepare('SELECT u.status...')
#1 C:\xampp\htdocs\inventory_system\src\backend\includes\auth.php(328): validate_current_session(Object(PDO))
#2 C:\xampp\htdocs\inventory_system\src\frontend\components\dashboard.php(3): require_once('C:\\xampp\\htdocs...')
#3 {main}
[13-Sep-2026 16:08:54 Asia/Manila] PDOException: SQLSTATE[42S02]: Base table or view not found: 1146 Table 'inventory_system.branches' doesn't exist in C:\xampp\htdocs\inventory_system\src\backend\includes\auth.php:164
Stack trace:
#0 C:\xampp\htdocs\inventory_system\src\backend\includes\auth.php(164): PDO->prepare('SELECT u.status...')
#1 C:\xampp\htdocs\inventory_system\src\backend\includes\auth.php(328): validate_current_session(Object(PDO))
#2 C:\xampp\htdocs\inventory_system\src\frontend\components\dashboard.php(3): require_once('C:\\xampp\\htdocs...')
#3 {main}
[13-Sep-2026 16:09:21 Asia/Manila] PDOException: SQLSTATE[42S02]: Base table or view not found: 1146 Table 'inventory_system.branches' doesn't exist in C:\xampp\htdocs\inventory_system\src\backend\includes\auth.php:164
Stack trace:
#0 C:\xampp\htdocs\inventory_system\src\backend\includes\auth.php(164): PDO->prepare('SELECT u.status...')
#1 C:\xampp\htdocs\inventory_system\src\backend\includes\auth.php(328): validate_current_session(Object(PDO))
#2 C:\xampp\htdocs\inventory_system\src\frontend\components\dashboard.php(3): require_once('C:\\xampp\\htdocs...')
#3 {main}
[13-Sep-2026 16:09:22 Asia/Manila] PDOException: SQLSTATE[42S02]: Base table or view not found: 1146 Table 'inventory_system.branches' doesn't exist in C:\xampp\htdocs\inventory_system\src\backend\includes\auth.php:164
Stack trace:
#0 C:\xampp\htdocs\inventory_system\src\backend\includes\auth.php(164): PDO->prepare('SELECT u.status...')
#1 C:\xampp\htdocs\inventory_system\src\backend\includes\auth.php(328): validate_current_session(Object(PDO))
#2 C:\xampp\htdocs\inventory_system\src\frontend\components\dashboard.php(3): require_once('C:\\xampp\\htdocs...')
#3 {main}
[13-Sep-2026 16:09:34 Asia/Manila] PDOException: SQLSTATE[42S02]: Base table or view not found: 1146 Table 'inventory_system.branches' doesn't exist in C:\xampp\htdocs\inventory_system\src\backend\includes\auth.php:164
Stack trace:
#0 C:\xampp\htdocs\inventory_system\src\backend\includes\auth.php(164): PDO->prepare('SELECT u.status...')
#1 C:\xampp\htdocs\inventory_system\src\backend\includes\auth.php(328): validate_current_session(Object(PDO))
#2 C:\xampp\htdocs\inventory_system\src\frontend\components\dashboard.php(3): require_once('C:\\xampp\\htdocs...')
#3 {main}
[13-Sep-2026 16:09:54 Asia/Manila] PDOException: SQLSTATE[42S02]: Base table or view not found: 1146 Table 'inventory_system.branches' doesn't exist in C:\xampp\htdocs\inventory_system\src\backend\includes\auth.php:164
Stack trace:
#0 C:\xampp\htdocs\inventory_system\src\backend\includes\auth.php(164): PDO->prepare('SELECT u.status...')
#1 C:\xampp\htdocs\inventory_system\src\backend\includes\auth.php(328): validate_current_session(Object(PDO))
#2 C:\xampp\htdocs\inventory_system\src\frontend\components\dashboard.php(3): require_once('C:\\xampp\\htdocs...')
#3 {main}
[13-Sep-2026 16:10:44 Asia/Manila] PDOException: SQLSTATE[42S02]: Base table or view not found: 1146 Table 'inventory_system.branches' doesn't exist in C:\xampp\htdocs\inventory_system\src\backend\includes\auth.php:89
Stack trace:
#0 C:\xampp\htdocs\inventory_system\src\backend\includes\auth.php(89): PDO->prepare('SELECT u.user_i...')
#1 C:\xampp\htdocs\inventory_system\src\frontend\index.php(55): login_user(Object(PDO), 'superadmin', 'RetalMind@2026')
#2 {main}
[13-Sep-2026 16:14:02 Asia/Manila] PDOException: SQLSTATE[42S02]: Base table or view not found: 1146 Table 'inventory_system.branches' doesn't exist in C:\xampp\htdocs\inventory_system\src\backend\includes\auth.php:89
Stack trace:
#0 C:\xampp\htdocs\inventory_system\src\backend\includes\auth.php(89): PDO->prepare('SELECT u.user_i...')
#1 C:\xampp\htdocs\inventory_system\src\frontend\index.php(55): login_user(Object(PDO), 'superadmin', 'RetalMind@2026')
#2 {main}
[13-Sep-2026 16:34:14 Asia/Manila] PDOException: SQLSTATE[42S02]: Base table or view not found: 1146 Table 'inventory_system.branches' doesn't exist in C:\xampp\htdocs\inventory_system\src\backend\includes\auth.php:89
Stack trace:
#0 C:\xampp\htdocs\inventory_system\src\backend\includes\auth.php(89): PDO->prepare('SELECT u.user_i...')
#1 C:\xampp\htdocs\inventory_system\src\frontend\index.php(55): login_user(Object(PDO), 'superadmin', 'RetalMind@2026')
#2 {main}
[16-Sep-2026 15:24:45 Asia/Manila] Email delivery failed: Brevo API returned HTTP 401.
[18-Sep-2026 13:23:15 Asia/Manila] PDOException: SQLSTATE[42S22]: Column not found: 1054 Unknown column 'u.is_recovery_account' in 'field list' in C:\xampp\htdocs\retailmind\src\backend\includes\auth.php:100
Stack trace:
#0 C:\xampp\htdocs\retailmind\src\backend\includes\auth.php(100): PDO->prepare('SELECT u.user_i...')
#1 C:\xampp\htdocs\retailmind\src\frontend\index.php(51): login_user(Object(PDO), 'superadmin', 'Admin12345678')
#2 {main}
[18-Sep-2026 13:23:19 Asia/Manila] PDOException: SQLSTATE[42S22]: Column not found: 1054 Unknown column 'u.is_recovery_account' in 'field list' in C:\xampp\htdocs\retailmind\src\backend\includes\auth.php:100
Stack trace:
#0 C:\xampp\htdocs\retailmind\src\backend\includes\auth.php(100): PDO->prepare('SELECT u.user_i...')
#1 C:\xampp\htdocs\retailmind\src\frontend\index.php(51): login_user(Object(PDO), 'superadmin', 'Admin12345678sw')
#2 {main}
[18-Sep-2026 13:42:22 Asia/Manila] PHP Deprecated:  create_notification(): Implicitly marking parameter $reference_id as nullable is deprecated, the explicit nullable type must be used instead in C:\xampp\htdocs\retailmind\src\backend\includes\functions.php on line 461
[18-Sep-2026 13:42:22 Asia/Manila] PHP Deprecated:  create_notification(): Implicitly marking parameter $reference_type as nullable is deprecated, the explicit nullable type must be used instead in C:\xampp\htdocs\retailmind\src\backend\includes\functions.php on line 462
[18-Sep-2026 13:47:28 Asia/Manila] PHP Deprecated:  create_notification(): Implicitly marking parameter $reference_id as nullable is deprecated, the explicit nullable type must be used instead in C:\xampp\htdocs\retailmind\src\backend\includes\functions.php on line 461
[18-Sep-2026 13:47:28 Asia/Manila] PHP Deprecated:  create_notification(): Implicitly marking parameter $reference_type as nullable is deprecated, the explicit nullable type must be used instead in C:\xampp\htdocs\retailmind\src\backend\includes\functions.php on line 462
[18-Sep-2026 13:48:19 Asia/Manila] PDOException: SQLSTATE[42S22]: Column not found: 1054 Unknown column 'u.is_recovery_account' in 'field list' in C:\xampp\htdocs\retailmind\src\backend\includes\auth.php:100
Stack trace:
#0 C:\xampp\htdocs\retailmind\src\backend\includes\auth.php(100): PDO->prepare('SELECT u.user_i...')
#1 C:\xampp\htdocs\retailmind\src\frontend\index.php(51): login_user(Object(PDO), 'superadmin', 'Admin12345678sw')
#2 {main}
[18-Sep-2026 13:57:16 Asia/Manila] PDOException: SQLSTATE[42S22]: Column not found: 1054 Unknown column 'u.is_recovery_account' in 'field list' in C:\xampp\htdocs\retailmind\src\backend\includes\auth.php:100
Stack trace:
#0 C:\xampp\htdocs\retailmind\src\backend\includes\auth.php(100): PDO->prepare('SELECT u.user_i...')
#1 C:\xampp\htdocs\retailmind\src\frontend\index.php(51): login_user(Object(PDO), 'superadmin', 'Admin12345678sw')
#2 {main}
[18-Sep-2026 13:59:43 Asia/Manila] PHP Deprecated:  create_notification(): Implicitly marking parameter $reference_id as nullable is deprecated, the explicit nullable type must be used instead in C:\xampp\htdocs\retailmind\src\backend\includes\functions.php on line 461
[18-Sep-2026 13:59:43 Asia/Manila] PHP Deprecated:  create_notification(): Implicitly marking parameter $reference_type as nullable is deprecated, the explicit nullable type must be used instead in C:\xampp\htdocs\retailmind\src\backend\includes\functions.php on line 462
[18-Sep-2026 14:00:11 Asia/Manila] PHP Fatal error:  Uncaught PDOException: SQLSTATE[42S22]: Column not found: 1054 Unknown column 'migration' in 'where clause' in Command line code:1
Stack trace:
#0 Command line code(1): PDO->prepare()
#1 {main}
  thrown in Command line code on line 1
[18-Sep-2026 14:00:30 Asia/Manila] PHP Deprecated:  create_notification(): Implicitly marking parameter $reference_id as nullable is deprecated, the explicit nullable type must be used instead in C:\xampp\htdocs\retailmind\src\backend\includes\functions.php on line 461
[18-Sep-2026 14:00:30 Asia/Manila] PHP Deprecated:  create_notification(): Implicitly marking parameter $reference_type as nullable is deprecated, the explicit nullable type must be used instead in C:\xampp\htdocs\retailmind\src\backend\includes\functions.php on line 462
[18-Sep-2026 14:00:30 Asia/Manila] PDOException: SQLSTATE[42S22]: Column not found: 1054 Unknown column 'migration' in 'where clause' in C:\Users\Mike\AppData\Local\Temp\.ctx-mode-FAtTYG\script.php:8
Stack trace:
#0 C:\Users\Mike\AppData\Local\Temp\.ctx-mode-FAtTYG\script.php(8): PDO->prepare()
#1 {main}
[18-Sep-2026 14:00:47 Asia/Manila] PHP Deprecated:  create_notification(): Implicitly marking parameter $reference_id as nullable is deprecated, the explicit nullable type must be used instead in C:\xampp\htdocs\retailmind\src\backend\includes\functions.php on line 461
[18-Sep-2026 14:00:47 Asia/Manila] PHP Deprecated:  create_notification(): Implicitly marking parameter $reference_type as nullable is deprecated, the explicit nullable type must be used instead in C:\xampp\htdocs\retailmind\src\backend\includes\functions.php on line 462
[18-Sep-2026 14:01:00 Asia/Manila] PHP Deprecated:  create_notification(): Implicitly marking parameter $reference_id as nullable is deprecated, the explicit nullable type must be used instead in C:\xampp\htdocs\retailmind\src\backend\includes\functions.php on line 461
[18-Sep-2026 14:01:00 Asia/Manila] PHP Deprecated:  create_notification(): Implicitly marking parameter $reference_type as nullable is deprecated, the explicit nullable type must be used instead in C:\xampp\htdocs\retailmind\src\backend\includes\functions.php on line 462
[18-Sep-2026 14:01:00 Asia/Manila] PHP Deprecated:  App\Database\MigrationRunner::runPending(): Implicitly marking parameter $output as nullable is deprecated, the explicit nullable type must be used instead in C:\xampp\htdocs\retailmind\src\backend\app\Database\MigrationRunner.php on line 55
[18-Sep-2026 14:01:11 Asia/Manila] PHP Deprecated:  create_notification(): Implicitly marking parameter $reference_id as nullable is deprecated, the explicit nullable type must be used instead in C:\xampp\htdocs\retailmind\src\backend\includes\functions.php on line 461
[18-Sep-2026 14:01:11 Asia/Manila] PHP Deprecated:  create_notification(): Implicitly marking parameter $reference_type as nullable is deprecated, the explicit nullable type must be used instead in C:\xampp\htdocs\retailmind\src\backend\includes\functions.php on line 462
[18-Sep-2026 14:01:11 Asia/Manila] PHP Deprecated:  App\Database\MigrationRunner::runPending(): Implicitly marking parameter $output as nullable is deprecated, the explicit nullable type must be used instead in C:\xampp\htdocs\retailmind\src\backend\app\Database\MigrationRunner.php on line 55
[18-Sep-2026 14:05:56 Asia/Manila] PHP Deprecated:  create_notification(): Implicitly marking parameter $reference_id as nullable is deprecated, the explicit nullable type must be used instead in C:\xampp\htdocs\retailmind\src\backend\includes\functions.php on line 461
[18-Sep-2026 14:05:56 Asia/Manila] PHP Deprecated:  create_notification(): Implicitly marking parameter $reference_type as nullable is deprecated, the explicit nullable type must be used instead in C:\xampp\htdocs\retailmind\src\backend\includes\functions.php on line 462
[18-Sep-2026 14:05:56 Asia/Manila] PHP Deprecated:  App\Database\MigrationRunner::runPending(): Implicitly marking parameter $output as nullable is deprecated, the explicit nullable type must be used instead in C:\xampp\htdocs\retailmind\src\backend\app\Database\MigrationRunner.php on line 55
[18-Sep-2026 14:06:13 Asia/Manila] PHP Deprecated:  create_notification(): Implicitly marking parameter $reference_id as nullable is deprecated, the explicit nullable type must be used instead in C:\xampp\htdocs\retailmind\src\backend\includes\functions.php on line 461
[18-Sep-2026 14:06:13 Asia/Manila] PHP Deprecated:  create_notification(): Implicitly marking parameter $reference_type as nullable is deprecated, the explicit nullable type must be used instead in C:\xampp\htdocs\retailmind\src\backend\includes\functions.php on line 462
[18-Sep-2026 14:09:33 Asia/Manila] PHP Deprecated:  App\Database\MigrationRunner::runPending(): Implicitly marking parameter $output as nullable is deprecated, the explicit nullable type must be used instead in C:\xampp\htdocs\retailmind\src\backend\app\Database\MigrationRunner.php on line 55
[18-Sep-2026 14:10:10 Asia/Manila] PHP Deprecated:  create_notification(): Implicitly marking parameter $reference_id as nullable is deprecated, the explicit nullable type must be used instead in C:\xampp\htdocs\retailmind\src\backend\includes\functions.php on line 461
[18-Sep-2026 14:10:10 Asia/Manila] PHP Deprecated:  create_notification(): Implicitly marking parameter $reference_type as nullable is deprecated, the explicit nullable type must be used instead in C:\xampp\htdocs\retailmind\src\backend\includes\functions.php on line 462
[18-Sep-2026 14:10:10 Asia/Manila] PHP Deprecated:  App\Database\MigrationRunner::runPending(): Implicitly marking parameter $output as nullable is deprecated, the explicit nullable type must be used instead in C:\xampp\htdocs\retailmind\src\backend\app\Database\MigrationRunner.php on line 55
[18-Sep-2026 14:12:21 Asia/Manila] PDOException: SQLSTATE[42S22]: Column not found: 1054 Unknown column 'u.is_recovery_account' in 'field list' in C:\xampp\htdocs\retailmind\src\backend\includes\auth.php:100
Stack trace:
#0 C:\xampp\htdocs\retailmind\src\backend\includes\auth.php(100): PDO->prepare('SELECT u.user_i...')
#1 C:\xampp\htdocs\retailmind\src\frontend\index.php(51): login_user(Object(PDO), 'superadmin', 'Admin12345678sw')
#2 {main}
[18-Sep-2026 14:12:28 Asia/Manila] PDOException: SQLSTATE[42S22]: Column not found: 1054 Unknown column 'u.is_recovery_account' in 'field list' in C:\xampp\htdocs\retailmind\src\backend\includes\auth.php:100
Stack trace:
#0 C:\xampp\htdocs\retailmind\src\backend\includes\auth.php(100): PDO->prepare('SELECT u.user_i...')
#1 C:\xampp\htdocs\retailmind\src\frontend\index.php(51): login_user(Object(PDO), 'superadmin', 'Admin12345678')
#2 {main}
[18-Sep-2026 14:12:40 Asia/Manila] PDOException: SQLSTATE[42S22]: Column not found: 1054 Unknown column 'u.is_recovery_account' in 'field list' in C:\xampp\htdocs\retailmind\src\backend\includes\auth.php:100
Stack trace:
#0 C:\xampp\htdocs\retailmind\src\backend\includes\auth.php(100): PDO->prepare('SELECT u.user_i...')
#1 C:\xampp\htdocs\retailmind\src\frontend\index.php(51): login_user(Object(PDO), 'superadmin', 'dfdf')
#2 {main}
[18-Sep-2026 14:13:23 Asia/Manila] PHP Deprecated:  create_notification(): Implicitly marking parameter $reference_id as nullable is deprecated, the explicit nullable type must be used instead in C:\xampp\htdocs\retailmind\src\backend\includes\functions.php on line 461
[18-Sep-2026 14:13:23 Asia/Manila] PHP Deprecated:  create_notification(): Implicitly marking parameter $reference_type as nullable is deprecated, the explicit nullable type must be used instead in C:\xampp\htdocs\retailmind\src\backend\includes\functions.php on line 462
[18-Sep-2026 14:13:38 Asia/Manila] PHP Deprecated:  create_notification(): Implicitly marking parameter $reference_id as nullable is deprecated, the explicit nullable type must be used instead in C:\xampp\htdocs\retailmind\src\backend\includes\functions.php on line 461
[18-Sep-2026 14:13:38 Asia/Manila] PHP Deprecated:  create_notification(): Implicitly marking parameter $reference_type as nullable is deprecated, the explicit nullable type must be used instead in C:\xampp\htdocs\retailmind\src\backend\includes\functions.php on line 462
[18-Sep-2026 14:13:38 Asia/Manila] PHP Deprecated:  App\Database\MigrationRunner::runPending(): Implicitly marking parameter $output as nullable is deprecated, the explicit nullable type must be used instead in C:\xampp\htdocs\retailmind\src\backend\app\Database\MigrationRunner.php on line 55
[18-Sep-2026 14:13:56 Asia/Manila] PHP Deprecated:  create_notification(): Implicitly marking parameter $reference_id as nullable is deprecated, the explicit nullable type must be used instead in C:\xampp\htdocs\retailmind\src\backend\includes\functions.php on line 461
[18-Sep-2026 14:13:56 Asia/Manila] PHP Deprecated:  create_notification(): Implicitly marking parameter $reference_type as nullable is deprecated, the explicit nullable type must be used instead in C:\xampp\htdocs\retailmind\src\backend\includes\functions.php on line 462
[18-Sep-2026 14:13:56 Asia/Manila] PHP Deprecated:  create_notification(): Implicitly marking parameter $reference_id as nullable is deprecated, the explicit nullable type must be used instead in C:\xampp\htdocs\retailmind\src\backend\includes\functions.php on line 461
[18-Sep-2026 14:13:56 Asia/Manila] PHP Deprecated:  create_notification(): Implicitly marking parameter $reference_type as nullable is deprecated, the explicit nullable type must be used instead in C:\xampp\htdocs\retailmind\src\backend\includes\functions.php on line 462
[18-Sep-2026 14:13:56 Asia/Manila] PHP Deprecated:  App\Database\MigrationRunner::runPending(): Implicitly marking parameter $output as nullable is deprecated, the explicit nullable type must be used instead in C:\xampp\htdocs\retailmind\src\backend\app\Database\MigrationRunner.php on line 55
[18-Sep-2026 14:14:35 Asia/Manila] App\Store\StoreConsolidationRequired: Singleton Store migration requires branch consolidation before it can continue: Shalom Main (0001): 1 users, 0 products; RetailMind Sample Products (RM-SEED): 2 users, 60 products. No operational data was changed. in C:\xampp\htdocs\retailmind\src\backend\app\Store\StoreScope.php:85
Stack trace:
#0 C:\xampp\htdocs\retailmind\src\backend\includes\auth.php(299): App\Store\StoreScope->id()
#1 C:\xampp\htdocs\retailmind\src\frontend\components\user_manager\user_manager.php(10): store_scope_id(Object(PDO))
#2 {main}
[18-Sep-2026 14:14:36 Asia/Manila] PHP Deprecated:  create_notification(): Implicitly marking parameter $reference_id as nullable is deprecated, the explicit nullable type must be used instead in C:\xampp\htdocs\retailmind\src\backend\includes\functions.php on line 461
[18-Sep-2026 14:14:36 Asia/Manila] PHP Deprecated:  create_notification(): Implicitly marking parameter $reference_type as nullable is deprecated, the explicit nullable type must be used instead in C:\xampp\htdocs\retailmind\src\backend\includes\functions.php on line 462
[18-Sep-2026 14:14:38 Asia/Manila] PHP Deprecated:  Function curl_close() is deprecated since 8.5, as it has no effect since PHP 8.0 in C:\xampp\htdocs\retailmind\src\backend\app\Services\SystemHealthService.php on line 90
[18-Sep-2026 14:15:19 Asia/Manila] App\Store\StoreConsolidationRequired: Singleton Store migration requires branch consolidation before it can continue: Shalom Main (0001): 1 users, 0 products; RetailMind Sample Products (RM-SEED): 2 users, 60 products. No operational data was changed. in C:\xampp\htdocs\retailmind\src\backend\app\Store\StoreScope.php:85
Stack trace:
#0 C:\xampp\htdocs\retailmind\src\backend\includes\auth.php(299): App\Store\StoreScope->id()
#1 C:\xampp\htdocs\retailmind\src\frontend\components\user_manager\user_manager.php(10): store_scope_id(Object(PDO))
#2 {main}
[18-Sep-2026 14:15:57 Asia/Manila] App\Store\StoreConsolidationRequired: Singleton Store migration requires branch consolidation before it can continue: Shalom Main (0001): 1 users, 0 products; RetailMind Sample Products (RM-SEED): 2 users, 60 products. No operational data was changed. in C:\xampp\htdocs\retailmind\src\backend\app\Store\StoreScope.php:85
Stack trace:
#0 C:\xampp\htdocs\retailmind\src\backend\includes\auth.php(299): App\Store\StoreScope->id()
#1 C:\xampp\htdocs\retailmind\src\frontend\components\user_manager\user_manager.php(10): store_scope_id(Object(PDO))
#2 {main}
[18-Sep-2026 14:29:14 Asia/Manila] PHP Deprecated:  Function curl_close() is deprecated since 8.5, as it has no effect since PHP 8.0 in C:\Users\Mike\AppData\Local\Temp\.ctx-mode-jqCqQZ\script.php on line 8
[18-Sep-2026 14:29:31 Asia/Manila] PHP Warning:  session_save_path(): Session save path cannot be changed after headers have already been sent (sent from C:\Users\Mike\AppData\Local\Temp\.ctx-mode-SHaPrR\script.php on line 4) in C:\xampp\htdocs\retailmind\src\backend\app\Core\Session.php on line 118
[18-Sep-2026 14:29:31 Asia/Manila] PHP Warning:  ini_set(): Session ini settings cannot be changed after headers have already been sent (sent from C:\Users\Mike\AppData\Local\Temp\.ctx-mode-SHaPrR\script.php on line 4) in C:\xampp\htdocs\retailmind\src\backend\app\Core\Session.php on line 16
[18-Sep-2026 14:29:31 Asia/Manila] PHP Warning:  ini_set(): Session ini settings cannot be changed after headers have already been sent (sent from C:\Users\Mike\AppData\Local\Temp\.ctx-mode-SHaPrR\script.php on line 4) in C:\xampp\htdocs\retailmind\src\backend\app\Core\Session.php on line 17
[18-Sep-2026 14:29:31 Asia/Manila] PHP Warning:  session_name(): Session name cannot be changed after headers have already been sent (sent from C:\Users\Mike\AppData\Local\Temp\.ctx-mode-SHaPrR\script.php on line 4) in C:\xampp\htdocs\retailmind\src\backend\app\Core\Session.php on line 21
[18-Sep-2026 14:29:31 Asia/Manila] PHP Warning:  session_set_cookie_params(): Session cookie parameters cannot be changed after headers have already been sent (sent from C:\Users\Mike\AppData\Local\Temp\.ctx-mode-SHaPrR\script.php on line 4) in C:\xampp\htdocs\retailmind\src\backend\app\Core\Session.php on line 25
[18-Sep-2026 14:29:31 Asia/Manila] PHP Warning:  session_start(): Session cannot be started after headers have already been sent (sent from C:\Users\Mike\AppData\Local\Temp\.ctx-mode-SHaPrR\script.php on line 4) in C:\xampp\htdocs\retailmind\src\backend\app\Core\Session.php on line 34
[18-Sep-2026 14:30:21 Asia/Manila] App\Store\StoreConsolidationRequired: Singleton Store migration requires branch consolidation before it can continue: Shalom Main (0001): 1 users, 0 products; RetailMind Sample Products (RM-SEED): 2 users, 60 products. No operational data was changed. in C:\xampp\htdocs\retailmind\src\backend\app\Store\StoreScope.php:85
Stack trace:
#0 C:\xampp\htdocs\retailmind\src\backend\includes\auth.php(299): App\Store\StoreScope->id()
#1 C:\xampp\htdocs\retailmind\src\frontend\components\user_manager\user_manager.php(10): store_scope_id(Object(PDO))
#2 {main}
[18-Sep-2026 14:30:21 Asia/Manila] PHP Deprecated:  Function curl_close() is deprecated since 8.5, as it has no effect since PHP 8.0 in C:\Users\Mike\AppData\Local\Temp\.ctx-mode-3OdIoG\script.php on line 7
[18-Sep-2026 14:32:25 Asia/Manila] PHP Deprecated:  Function curl_close() is deprecated since 8.5, as it has no effect since PHP 8.0 in C:\Users\Mike\AppData\Local\Temp\.ctx-mode-vfYoHV\script.php on line 6
[18-Sep-2026 14:32:35 Asia/Manila] PHP Deprecated:  Function curl_close() is deprecated since 8.5, as it has no effect since PHP 8.0 in C:\Users\Mike\AppData\Local\Temp\.ctx-mode-xMTUnN\script.php on line 2
[18-Sep-2026 14:33:03 Asia/Manila] PHP Deprecated:  Function curl_close() is deprecated since 8.5, as it has no effect since PHP 8.0 in C:\Users\Mike\AppData\Local\Temp\.ctx-mode-TzoM99\script.php on line 2
[18-Sep-2026 20:51:46 Asia/Manila] PDOException: SQLSTATE[42S22]: Column not found: 1054 Unknown column 'u.profile_image' in 'field list' in C:\xampp\htdocs\inventory_system\src\backend\includes\auth.php:182
Stack trace:
#0 C:\xampp\htdocs\inventory_system\src\backend\includes\auth.php(182): PDO->prepare('SELECT u.status...')
#1 C:\xampp\htdocs\inventory_system\src\backend\includes\auth.php(324): validate_current_session(Object(PDO))
#2 C:\xampp\htdocs\inventory_system\src\frontend\components\inventory_management\inventory_overview.php(3): require_once('C:\\xampp\\htdocs...')
#3 {main}
[18-Sep-2026 20:51:50 Asia/Manila] PDOException: SQLSTATE[42S22]: Column not found: 1054 Unknown column 'u.profile_image' in 'field list' in C:\xampp\htdocs\inventory_system\src\backend\includes\auth.php:182
Stack trace:
#0 C:\xampp\htdocs\inventory_system\src\backend\includes\auth.php(182): PDO->prepare('SELECT u.status...')
#1 C:\xampp\htdocs\inventory_system\src\backend\includes\auth.php(324): validate_current_session(Object(PDO))
#2 C:\xampp\htdocs\inventory_system\src\frontend\components\inventory_management\inventory_overview.php(3): require_once('C:\\xampp\\htdocs...')
#3 {main}
[18-Sep-2026 20:54:28 Asia/Manila] PDOException: SQLSTATE[42S22]: Column not found: 1054 Unknown column 'u.profile_image' in 'field list' in C:\xampp\htdocs\inventory_system\src\backend\includes\auth.php:182
Stack trace:
#0 C:\xampp\htdocs\inventory_system\src\backend\includes\auth.php(182): PDO->prepare('SELECT u.status...')
#1 C:\xampp\htdocs\inventory_system\src\backend\includes\auth.php(324): validate_current_session(Object(PDO))
#2 C:\xampp\htdocs\inventory_system\src\frontend\components\inventory_management\inventory_overview.php(3): require_once('C:\\xampp\\htdocs...')
#3 {main}
[18-Sep-2026 20:54:55 Asia/Manila] PDOException: SQLSTATE[42S22]: Column not found: 1054 Unknown column 'u.profile_image' in 'field list' in C:\xampp\htdocs\inventory_system\src\backend\includes\auth.php:182
Stack trace:
#0 C:\xampp\htdocs\inventory_system\src\backend\includes\auth.php(182): PDO->prepare('SELECT u.status...')
#1 C:\xampp\htdocs\inventory_system\src\backend\includes\auth.php(324): validate_current_session(Object(PDO))
#2 C:\xampp\htdocs\inventory_system\src\frontend\components\inventory_management\inventory_overview.php(3): require_once('C:\\xampp\\htdocs...')
#3 {main}
[18-Sep-2026 21:08:18 Asia/Manila] Error: Call to undefined function selected_inventory_branch_id() in C:\xampp\htdocs\inventory_system\src\frontend\components\inventory_management\products.php:193
Stack trace:
#0 {main}
[18-Sep-2026 21:26:06 Asia/Manila] Error: Call to undefined function branch_scope() in C:\xampp\htdocs\inventory_system\src\frontend\components\cashier\pos.php:56
Stack trace:
#0 {main}
[24-Sep-2026 13:33:53 Asia/Manila] PDOException: SQLSTATE[42S22]: Column not found: 1054 Unknown column 'ia.shift_id' in 'field list' in C:\xampp\htdocs\retailmind\src\backend\app\Services\StockIssueService.php:982
Stack trace:
#0 C:\xampp\htdocs\retailmind\src\backend\app\Services\StockIssueService.php(982): PDO->prepare('SELECT ia.adjus...')
#1 C:\xampp\htdocs\retailmind\src\frontend\components\cashier\stock_issues.php(74): StockIssueService->getReportsByCashier(46)
#2 {main}
[24-Sep-2026 13:53:10 Asia/Manila] PHP Deprecated:  create_notification(): Implicitly marking parameter $reference_id as nullable is deprecated, the explicit nullable type must be used instead in C:\xampp\htdocs\retailmind\src\backend\includes\functions.php on line 461
[24-Sep-2026 13:53:10 Asia/Manila] PHP Deprecated:  create_notification(): Implicitly marking parameter $reference_type as nullable is deprecated, the explicit nullable type must be used instead in C:\xampp\htdocs\retailmind\src\backend\includes\functions.php on line 462
[24-Sep-2026 13:53:21 Asia/Manila] PHP Deprecated:  create_notification(): Implicitly marking parameter $reference_id as nullable is deprecated, the explicit nullable type must be used instead in C:\xampp\htdocs\retailmind\src\backend\includes\functions.php on line 461
[24-Sep-2026 13:53:21 Asia/Manila] PHP Deprecated:  create_notification(): Implicitly marking parameter $reference_type as nullable is deprecated, the explicit nullable type must be used instead in C:\xampp\htdocs\retailmind\src\backend\includes\functions.php on line 462
[24-Sep-2026 13:53:21 Asia/Manila] Stock issue manager notification skipped: SQLSTATE[HY000]: General error: 1 no such table: notifications
[24-Sep-2026 13:53:21 Asia/Manila] Stock issue user notification skipped: SQLSTATE[HY000]: General error: 1 no such table: notifications
[24-Sep-2026 13:53:21 Asia/Manila] Stock issue manager notification skipped: SQLSTATE[HY000]: General error: 1 no such table: notifications
[24-Sep-2026 13:53:21 Asia/Manila] Stock issue user notification skipped: SQLSTATE[HY000]: General error: 1 no such table: notifications
[24-Sep-2026 13:53:21 Asia/Manila] Stock issue manager notification skipped: SQLSTATE[HY000]: General error: 1 no such table: notifications
[24-Sep-2026 13:53:21 Asia/Manila] Stock issue manager notification skipped: SQLSTATE[HY000]: General error: 1 no such table: notifications
[24-Sep-2026 13:53:21 Asia/Manila] Stock issue user notification skipped: SQLSTATE[HY000]: General error: 1 no such table: notifications
[24-Sep-2026 13:53:21 Asia/Manila] Stock issue manager notification skipped: SQLSTATE[HY000]: General error: 1 no such table: notifications
[24-Sep-2026 13:53:21 Asia/Manila] PHP Deprecated:  create_notification(): Implicitly marking parameter $reference_id as nullable is deprecated, the explicit nullable type must be used instead in C:\xampp\htdocs\retailmind\src\backend\includes\functions.php on line 461
[24-Sep-2026 13:53:21 Asia/Manila] PHP Deprecated:  create_notification(): Implicitly marking parameter $reference_type as nullable is deprecated, the explicit nullable type must be used instead in C:\xampp\htdocs\retailmind\src\backend\includes\functions.php on line 462
[24-Sep-2026 13:53:21 Asia/Manila] PHP Deprecated:  create_notification(): Implicitly marking parameter $reference_id as nullable is deprecated, the explicit nullable type must be used instead in C:\xampp\htdocs\retailmind\src\backend\includes\functions.php on line 461
[24-Sep-2026 13:53:21 Asia/Manila] PHP Deprecated:  create_notification(): Implicitly marking parameter $reference_type as nullable is deprecated, the explicit nullable type must be used instead in C:\xampp\htdocs\retailmind\src\backend\includes\functions.php on line 462
[24-Sep-2026 14:00:16 Asia/Manila] PHP Deprecated:  create_notification(): Implicitly marking parameter $reference_id as nullable is deprecated, the explicit nullable type must be used instead in C:\xampp\htdocs\retailmind\src\backend\includes\functions.php on line 461
[24-Sep-2026 14:00:16 Asia/Manila] PHP Deprecated:  create_notification(): Implicitly marking parameter $reference_type as nullable is deprecated, the explicit nullable type must be used instead in C:\xampp\htdocs\retailmind\src\backend\includes\functions.php on line 462
[24-Sep-2026 14:00:27 Asia/Manila] PHP Deprecated:  create_notification(): Implicitly marking parameter $reference_id as nullable is deprecated, the explicit nullable type must be used instead in C:\xampp\htdocs\retailmind\src\backend\includes\functions.php on line 461
[24-Sep-2026 14:00:27 Asia/Manila] PHP Deprecated:  create_notification(): Implicitly marking parameter $reference_type as nullable is deprecated, the explicit nullable type must be used instead in C:\xampp\htdocs\retailmind\src\backend\includes\functions.php on line 462
[24-Sep-2026 14:00:27 Asia/Manila] Stock issue manager notification skipped: SQLSTATE[HY000]: General error: 1 no such table: notifications
[24-Sep-2026 14:00:27 Asia/Manila] Stock issue user notification skipped: SQLSTATE[HY000]: General error: 1 no such table: notifications
[24-Sep-2026 14:00:27 Asia/Manila] Stock issue manager notification skipped: SQLSTATE[HY000]: General error: 1 no such table: notifications
[24-Sep-2026 14:00:27 Asia/Manila] Stock issue user notification skipped: SQLSTATE[HY000]: General error: 1 no such table: notifications
[24-Sep-2026 14:00:27 Asia/Manila] Stock issue manager notification skipped: SQLSTATE[HY000]: General error: 1 no such table: notifications
[24-Sep-2026 14:00:27 Asia/Manila] Stock issue manager notification skipped: SQLSTATE[HY000]: General error: 1 no such table: notifications
[24-Sep-2026 14:00:27 Asia/Manila] Stock issue user notification skipped: SQLSTATE[HY000]: General error: 1 no such table: notifications
[24-Sep-2026 14:00:27 Asia/Manila] Stock issue manager notification skipped: SQLSTATE[HY000]: General error: 1 no such table: notifications
[24-Sep-2026 14:00:27 Asia/Manila] PHP Deprecated:  create_notification(): Implicitly marking parameter $reference_id as nullable is deprecated, the explicit nullable type must be used instead in C:\xampp\htdocs\retailmind\src\backend\includes\functions.php on line 461
[24-Sep-2026 14:00:27 Asia/Manila] PHP Deprecated:  create_notification(): Implicitly marking parameter $reference_type as nullable is deprecated, the explicit nullable type must be used instead in C:\xampp\htdocs\retailmind\src\backend\includes\functions.php on line 462
[24-Sep-2026 14:00:27 Asia/Manila] PHP Deprecated:  create_notification(): Implicitly marking parameter $reference_id as nullable is deprecated, the explicit nullable type must be used instead in C:\xampp\htdocs\retailmind\src\backend\includes\functions.php on line 461
[24-Sep-2026 14:00:27 Asia/Manila] PHP Deprecated:  create_notification(): Implicitly marking parameter $reference_type as nullable is deprecated, the explicit nullable type must be used instead in C:\xampp\htdocs\retailmind\src\backend\includes\functions.php on line 462
[24-Sep-2026 14:20:52 Asia/Manila] PHP Deprecated:  create_notification(): Implicitly marking parameter $reference_id as nullable is deprecated, the explicit nullable type must be used instead in C:\xampp\htdocs\retailmind\src\backend\includes\functions.php on line 461
[24-Sep-2026 14:20:52 Asia/Manila] PHP Deprecated:  create_notification(): Implicitly marking parameter $reference_type as nullable is deprecated, the explicit nullable type must be used instead in C:\xampp\htdocs\retailmind\src\backend\includes\functions.php on line 462
[24-Sep-2026 14:21:04 Asia/Manila] PHP Deprecated:  create_notification(): Implicitly marking parameter $reference_id as nullable is deprecated, the explicit nullable type must be used instead in C:\xampp\htdocs\retailmind\src\backend\includes\functions.php on line 461
[24-Sep-2026 14:21:04 Asia/Manila] PHP Deprecated:  create_notification(): Implicitly marking parameter $reference_type as nullable is deprecated, the explicit nullable type must be used instead in C:\xampp\htdocs\retailmind\src\backend\includes\functions.php on line 462
[24-Sep-2026 14:21:04 Asia/Manila] Stock issue manager notification skipped: SQLSTATE[HY000]: General error: 1 no such table: notifications
[24-Sep-2026 14:21:04 Asia/Manila] Stock issue user notification skipped: SQLSTATE[HY000]: General error: 1 no such table: notifications
[24-Sep-2026 14:21:04 Asia/Manila] Stock issue manager notification skipped: SQLSTATE[HY000]: General error: 1 no such table: notifications
[24-Sep-2026 14:21:04 Asia/Manila] Stock issue user notification skipped: SQLSTATE[HY000]: General error: 1 no such table: notifications
[24-Sep-2026 14:21:04 Asia/Manila] Stock issue manager notification skipped: SQLSTATE[HY000]: General error: 1 no such table: notifications
[24-Sep-2026 14:21:04 Asia/Manila] Stock issue manager notification skipped: SQLSTATE[HY000]: General error: 1 no such table: notifications
[24-Sep-2026 14:21:04 Asia/Manila] Stock issue user notification skipped: SQLSTATE[HY000]: General error: 1 no such table: notifications
[24-Sep-2026 14:21:04 Asia/Manila] Stock issue manager notification skipped: SQLSTATE[HY000]: General error: 1 no such table: notifications
[24-Sep-2026 14:21:04 Asia/Manila] PHP Deprecated:  create_notification(): Implicitly marking parameter $reference_id as nullable is deprecated, the explicit nullable type must be used instead in C:\xampp\htdocs\retailmind\src\backend\includes\functions.php on line 461
[24-Sep-2026 14:21:04 Asia/Manila] PHP Deprecated:  create_notification(): Implicitly marking parameter $reference_type as nullable is deprecated, the explicit nullable type must be used instead in C:\xampp\htdocs\retailmind\src\backend\includes\functions.php on line 462
[24-Sep-2026 14:21:04 Asia/Manila] PHP Deprecated:  create_notification(): Implicitly marking parameter $reference_id as nullable is deprecated, the explicit nullable type must be used instead in C:\xampp\htdocs\retailmind\src\backend\includes\functions.php on line 461
[24-Sep-2026 14:21:04 Asia/Manila] PHP Deprecated:  create_notification(): Implicitly marking parameter $reference_type as nullable is deprecated, the explicit nullable type must be used instead in C:\xampp\htdocs\retailmind\src\backend\includes\functions.php on line 462
[24-Sep-2026 14:35:30 Asia/Manila] PHP Deprecated:  create_notification(): Implicitly marking parameter $reference_id as nullable is deprecated, the explicit nullable type must be used instead in C:\xampp\htdocs\retailmind\src\backend\includes\functions.php on line 461
[24-Sep-2026 14:35:30 Asia/Manila] PHP Deprecated:  create_notification(): Implicitly marking parameter $reference_type as nullable is deprecated, the explicit nullable type must be used instead in C:\xampp\htdocs\retailmind\src\backend\includes\functions.php on line 462
[24-Sep-2026 14:36:18 Asia/Manila] PHP Deprecated:  create_notification(): Implicitly marking parameter $reference_id as nullable is deprecated, the explicit nullable type must be used instead in C:\xampp\htdocs\retailmind\src\backend\includes\functions.php on line 461
[24-Sep-2026 14:36:18 Asia/Manila] PHP Deprecated:  create_notification(): Implicitly marking parameter $reference_type as nullable is deprecated, the explicit nullable type must be used instead in C:\xampp\htdocs\retailmind\src\backend\includes\functions.php on line 462
[24-Sep-2026 14:36:29 Asia/Manila] PHP Deprecated:  create_notification(): Implicitly marking parameter $reference_id as nullable is deprecated, the explicit nullable type must be used instead in C:\xampp\htdocs\retailmind\src\backend\includes\functions.php on line 461
[24-Sep-2026 14:36:29 Asia/Manila] PHP Deprecated:  create_notification(): Implicitly marking parameter $reference_type as nullable is deprecated, the explicit nullable type must be used instead in C:\xampp\htdocs\retailmind\src\backend\includes\functions.php on line 462
[24-Sep-2026 14:36:29 Asia/Manila] Stock issue manager notification skipped: SQLSTATE[HY000]: General error: 1 no such table: notifications
[24-Sep-2026 14:36:29 Asia/Manila] Stock issue user notification skipped: SQLSTATE[HY000]: General error: 1 no such table: notifications
[24-Sep-2026 14:36:29 Asia/Manila] Stock issue manager notification skipped: SQLSTATE[HY000]: General error: 1 no such table: notifications
[24-Sep-2026 14:36:29 Asia/Manila] Stock issue user notification skipped: SQLSTATE[HY000]: General error: 1 no such table: notifications
[24-Sep-2026 14:36:29 Asia/Manila] Stock issue manager notification skipped: SQLSTATE[HY000]: General error: 1 no such table: notifications
[24-Sep-2026 14:36:29 Asia/Manila] Stock issue manager notification skipped: SQLSTATE[HY000]: General error: 1 no such table: notifications
[24-Sep-2026 14:36:29 Asia/Manila] Stock issue user notification skipped: SQLSTATE[HY000]: General error: 1 no such table: notifications
[24-Sep-2026 14:36:29 Asia/Manila] Stock issue manager notification skipped: SQLSTATE[HY000]: General error: 1 no such table: notifications
[24-Sep-2026 14:36:29 Asia/Manila] PHP Deprecated:  create_notification(): Implicitly marking parameter $reference_id as nullable is deprecated, the explicit nullable type must be used instead in C:\xampp\htdocs\retailmind\src\backend\includes\functions.php on line 461
[24-Sep-2026 14:36:29 Asia/Manila] PHP Deprecated:  create_notification(): Implicitly marking parameter $reference_type as nullable is deprecated, the explicit nullable type must be used instead in C:\xampp\htdocs\retailmind\src\backend\includes\functions.php on line 462
[24-Sep-2026 14:36:29 Asia/Manila] PHP Deprecated:  create_notification(): Implicitly marking parameter $reference_id as nullable is deprecated, the explicit nullable type must be used instead in C:\xampp\htdocs\retailmind\src\backend\includes\functions.php on line 461
[24-Sep-2026 14:36:29 Asia/Manila] PHP Deprecated:  create_notification(): Implicitly marking parameter $reference_type as nullable is deprecated, the explicit nullable type must be used instead in C:\xampp\htdocs\retailmind\src\backend\includes\functions.php on line 462
[24-Sep-2026 14:53:07 Asia/Manila] PHP Deprecated:  create_notification(): Implicitly marking parameter $reference_id as nullable is deprecated, the explicit nullable type must be used instead in C:\xampp\htdocs\retailmind\src\backend\includes\functions.php on line 461
[24-Sep-2026 14:53:07 Asia/Manila] PHP Deprecated:  create_notification(): Implicitly marking parameter $reference_type as nullable is deprecated, the explicit nullable type must be used instead in C:\xampp\htdocs\retailmind\src\backend\includes\functions.php on line 462
[24-Sep-2026 14:53:18 Asia/Manila] PHP Deprecated:  create_notification(): Implicitly marking parameter $reference_id as nullable is deprecated, the explicit nullable type must be used instead in C:\xampp\htdocs\retailmind\src\backend\includes\functions.php on line 461
[24-Sep-2026 14:53:18 Asia/Manila] PHP Deprecated:  create_notification(): Implicitly marking parameter $reference_type as nullable is deprecated, the explicit nullable type must be used instead in C:\xampp\htdocs\retailmind\src\backend\includes\functions.php on line 462
[24-Sep-2026 14:53:18 Asia/Manila] Stock issue manager notification skipped: SQLSTATE[HY000]: General error: 1 no such table: notifications
[24-Sep-2026 14:53:18 Asia/Manila] Stock issue user notification skipped: SQLSTATE[HY000]: General error: 1 no such table: notifications
[24-Sep-2026 14:53:18 Asia/Manila] Stock issue manager notification skipped: SQLSTATE[HY000]: General error: 1 no such table: notifications
[24-Sep-2026 14:53:18 Asia/Manila] Stock issue user notification skipped: SQLSTATE[HY000]: General error: 1 no such table: notifications
[24-Sep-2026 14:53:18 Asia/Manila] Stock issue manager notification skipped: SQLSTATE[HY000]: General error: 1 no such table: notifications
[24-Sep-2026 14:53:18 Asia/Manila] Stock issue manager notification skipped: SQLSTATE[HY000]: General error: 1 no such table: notifications
[24-Sep-2026 14:53:18 Asia/Manila] Stock issue user notification skipped: SQLSTATE[HY000]: General error: 1 no such table: notifications
[24-Sep-2026 14:53:18 Asia/Manila] Stock issue manager notification skipped: SQLSTATE[HY000]: General error: 1 no such table: notifications
[24-Sep-2026 14:53:18 Asia/Manila] PHP Deprecated:  create_notification(): Implicitly marking parameter $reference_id as nullable is deprecated, the explicit nullable type must be used instead in C:\xampp\htdocs\retailmind\src\backend\includes\functions.php on line 461
[24-Sep-2026 14:53:18 Asia/Manila] PHP Deprecated:  create_notification(): Implicitly marking parameter $reference_type as nullable is deprecated, the explicit nullable type must be used instead in C:\xampp\htdocs\retailmind\src\backend\includes\functions.php on line 462
[24-Sep-2026 14:53:18 Asia/Manila] PHP Deprecated:  create_notification(): Implicitly marking parameter $reference_id as nullable is deprecated, the explicit nullable type must be used instead in C:\xampp\htdocs\retailmind\src\backend\includes\functions.php on line 461
[24-Sep-2026 14:53:18 Asia/Manila] PHP Deprecated:  create_notification(): Implicitly marking parameter $reference_type as nullable is deprecated, the explicit nullable type must be used instead in C:\xampp\htdocs\retailmind\src\backend\includes\functions.php on line 462
[24-Sep-2026 15:11:58 Asia/Manila] PHP Deprecated:  create_notification(): Implicitly marking parameter $reference_id as nullable is deprecated, the explicit nullable type must be used instead in C:\xampp\htdocs\retailmind\src\backend\includes\functions.php on line 461
[24-Sep-2026 15:11:58 Asia/Manila] PHP Deprecated:  create_notification(): Implicitly marking parameter $reference_type as nullable is deprecated, the explicit nullable type must be used instead in C:\xampp\htdocs\retailmind\src\backend\includes\functions.php on line 462
[24-Sep-2026 15:12:15 Asia/Manila] PHP Deprecated:  create_notification(): Implicitly marking parameter $reference_id as nullable is deprecated, the explicit nullable type must be used instead in C:\xampp\htdocs\retailmind\src\backend\includes\functions.php on line 461
[24-Sep-2026 15:12:15 Asia/Manila] PHP Deprecated:  create_notification(): Implicitly marking parameter $reference_type as nullable is deprecated, the explicit nullable type must be used instead in C:\xampp\htdocs\retailmind\src\backend\includes\functions.php on line 462
[24-Sep-2026 15:12:15 Asia/Manila] Stock issue manager notification skipped: SQLSTATE[HY000]: General error: 1 no such table: notifications
[24-Sep-2026 15:12:15 Asia/Manila] Stock issue user notification skipped: SQLSTATE[HY000]: General error: 1 no such table: notifications
[24-Sep-2026 15:12:15 Asia/Manila] Stock issue manager notification skipped: SQLSTATE[HY000]: General error: 1 no such table: notifications
[24-Sep-2026 15:12:15 Asia/Manila] Stock issue user notification skipped: SQLSTATE[HY000]: General error: 1 no such table: notifications
[24-Sep-2026 15:12:15 Asia/Manila] Stock issue manager notification skipped: SQLSTATE[HY000]: General error: 1 no such table: notifications
[24-Sep-2026 15:12:15 Asia/Manila] Stock issue manager notification skipped: SQLSTATE[HY000]: General error: 1 no such table: notifications
[24-Sep-2026 15:12:15 Asia/Manila] Stock issue user notification skipped: SQLSTATE[HY000]: General error: 1 no such table: notifications
[24-Sep-2026 15:12:15 Asia/Manila] Stock issue manager notification skipped: SQLSTATE[HY000]: General error: 1 no such table: notifications
[24-Sep-2026 15:12:15 Asia/Manila] PHP Deprecated:  create_notification(): Implicitly marking parameter $reference_id as nullable is deprecated, the explicit nullable type must be used instead in C:\xampp\htdocs\retailmind\src\backend\includes\functions.php on line 461
[24-Sep-2026 15:12:15 Asia/Manila] PHP Deprecated:  create_notification(): Implicitly marking parameter $reference_type as nullable is deprecated, the explicit nullable type must be used instead in C:\xampp\htdocs\retailmind\src\backend\includes\functions.php on line 462
[24-Sep-2026 15:12:15 Asia/Manila] PHP Deprecated:  create_notification(): Implicitly marking parameter $reference_id as nullable is deprecated, the explicit nullable type must be used instead in C:\xampp\htdocs\retailmind\src\backend\includes\functions.php on line 461
[24-Sep-2026 15:12:15 Asia/Manila] PHP Deprecated:  create_notification(): Implicitly marking parameter $reference_type as nullable is deprecated, the explicit nullable type must be used instead in C:\xampp\htdocs\retailmind\src\backend\includes\functions.php on line 462
[25-Sep-2026 08:37:10 Asia/Manila] PDOException: SQLSTATE[42S22]: Column not found: 1054 Unknown column 'ia.shift_id' in 'field list' in C:\xampp\htdocs\retailmind\src\backend\app\Services\StockIssueService.php:914
Stack trace:
#0 C:\xampp\htdocs\retailmind\src\backend\app\Services\StockIssueService.php(914): PDO->prepare('SELECT ia.adjus...')
#1 C:\xampp\htdocs\retailmind\src\frontend\components\inventory_management\stock_issues.php(80): StockIssueService->getPendingReports()
#2 {main}
[25-Sep-2026 08:37:13 Asia/Manila] PDOException: SQLSTATE[42S22]: Column not found: 1054 Unknown column 'ia.shift_id' in 'field list' in C:\xampp\htdocs\retailmind\src\backend\app\Services\StockIssueService.php:914
Stack trace:
#0 C:\xampp\htdocs\retailmind\src\backend\app\Services\StockIssueService.php(914): PDO->prepare('SELECT ia.adjus...')
#1 C:\xampp\htdocs\retailmind\src\frontend\components\inventory_management\stock_issues.php(80): StockIssueService->getPendingReports()
#2 {main}
[25-Sep-2026 14:02:19 Asia/Manila] PHP Warning:  Undefined variable $targetRoles in C:\xampp\htdocs\inventory_system\src\backend\app\Services\UserLifecycleService.php on line 113
[25-Sep-2026 14:02:35 Asia/Manila] User role mapping sync skipped: SQLSTATE[HY000]: General error: 1 no such table: user_roles
[25-Sep-2026 14:02:35 Asia/Manila] User role mapping sync skipped: SQLSTATE[HY000]: General error: 1 no such table: user_roles
[25-Sep-2026 14:02:35 Asia/Manila] User role mapping sync skipped: SQLSTATE[HY000]: General error: 1 no such table: user_roles
[25-Sep-2026 14:02:35 Asia/Manila] User role mapping sync skipped: SQLSTATE[HY000]: General error: 1 no such table: user_roles
[25-Sep-2026 14:02:36 Asia/Manila] User role mapping sync skipped: SQLSTATE[HY000]: General error: 1 no such table: user_roles
[25-Sep-2026 14:02:36 Asia/Manila] User role mapping sync skipped: SQLSTATE[HY000]: General error: 1 no such table: user_roles
[25-Sep-2026 14:02:36 Asia/Manila] User role mapping sync skipped: SQLSTATE[HY000]: General error: 1 no such table: user_roles
[25-Sep-2026 14:07:32 Asia/Manila] TypeError: Cannot access offset of type string on string in C:\xampp\htdocs\inventory_system\src\frontend\components\user_manager\modals\manage_user_modal.php:34
Stack trace:
#0 C:\xampp\htdocs\inventory_system\src\frontend\components\user_manager\user_manager.php(292): include()
#1 {main}
[25-Sep-2026 14:08:23 Asia/Manila] TypeError: Cannot access offset of type string on string in C:\xampp\htdocs\inventory_system\src\frontend\components\user_manager\modals\manage_user_modal.php:34
Stack trace:
#0 C:\xampp\htdocs\inventory_system\src\frontend\components\user_manager\user_manager.php(292): include()
#1 {main}
[25-Sep-2026 14:08:32 Asia/Manila] TypeError: Cannot access offset of type string on string in C:\xampp\htdocs\inventory_system\src\frontend\components\user_manager\modals\manage_user_modal.php:34
Stack trace:
#0 C:\xampp\htdocs\inventory_system\src\frontend\components\user_manager\user_manager.php(292): include()
#1 {main}
[25-Sep-2026 14:08:38 Asia/Manila] TypeError: Cannot access offset of type string on string in C:\xampp\htdocs\inventory_system\src\frontend\components\user_manager\modals\manage_user_modal.php:34
Stack trace:
#0 C:\xampp\htdocs\inventory_system\src\frontend\components\user_manager\user_manager.php(292): include()
#1 {main}
[25-Sep-2026 14:12:33 Asia/Manila] User role mapping sync skipped: SQLSTATE[HY000]: General error: 1 no such table: user_roles
[25-Sep-2026 14:12:33 Asia/Manila] User role mapping sync skipped: SQLSTATE[HY000]: General error: 1 no such table: user_roles
[25-Sep-2026 14:12:33 Asia/Manila] User role mapping sync skipped: SQLSTATE[HY000]: General error: 1 no such table: user_roles
[25-Sep-2026 14:12:33 Asia/Manila] User role mapping sync skipped: SQLSTATE[HY000]: General error: 1 no such table: user_roles
[25-Sep-2026 14:12:34 Asia/Manila] User role mapping sync skipped: SQLSTATE[HY000]: General error: 1 no such table: user_roles
[25-Sep-2026 14:12:34 Asia/Manila] User role mapping sync skipped: SQLSTATE[HY000]: General error: 1 no such table: user_roles
[25-Sep-2026 14:12:34 Asia/Manila] User role mapping sync skipped: SQLSTATE[HY000]: General error: 1 no such table: user_roles
[25-Sep-2026 14:12:52 Asia/Manila] User role mapping sync skipped: SQLSTATE[HY000]: General error: 1 no such table: user_roles
[25-Sep-2026 14:12:52 Asia/Manila] User role mapping sync skipped: SQLSTATE[HY000]: General error: 1 no such table: user_roles
[25-Sep-2026 14:12:52 Asia/Manila] User role mapping sync skipped: SQLSTATE[HY000]: General error: 1 no such table: user_roles
[25-Sep-2026 14:12:52 Asia/Manila] User role mapping sync skipped: SQLSTATE[HY000]: General error: 1 no such table: user_roles
[25-Sep-2026 14:12:52 Asia/Manila] User role mapping sync skipped: SQLSTATE[HY000]: General error: 1 no such table: user_roles
[25-Sep-2026 14:12:52 Asia/Manila] User role mapping sync skipped: SQLSTATE[HY000]: General error: 1 no such table: user_roles
[25-Sep-2026 14:12:52 Asia/Manila] User role mapping sync skipped: SQLSTATE[HY000]: General error: 1 no such table: user_roles
[27-Sep-2026 18:42:33 Asia/Manila] PHP Warning:  require_once(C:\xampp\htdocs\retailmind\src\backend\tests/../app/Services/ProductCodeLookupService.php): Failed to open stream: No such file or directory in C:\xampp\htdocs\retailmind\src\backend\tests\product_code_lookup_contract.php on line 7
[27-Sep-2026 18:42:33 Asia/Manila] Error: Failed opening required 'C:\xampp\htdocs\retailmind\src\backend\tests/../app/Services/ProductCodeLookupService.php' (include_path='.;C:\php\pear') in C:\xampp\htdocs\retailmind\src\backend\tests\product_code_lookup_contract.php:7
Stack trace:
#0 {main}
[27-Sep-2026 18:43:45 Asia/Manila] PDOException: SQLSTATE[HY000]: General error: 1 no such table: users in C:\xampp\htdocs\retailmind\src\backend\app\Store\StoreScope.php:155
Stack trace:
#0 C:\xampp\htdocs\retailmind\src\backend\app\Store\StoreScope.php(155): PDO->query()
#1 C:\xampp\htdocs\retailmind\src\backend\app\Store\StoreScope.php(20): App\Store\StoreScope->branchInventory()
#2 C:\xampp\htdocs\retailmind\src\backend\app\Store\StoreScope.php(80): App\Store\StoreScope->preflight()
#3 C:\xampp\htdocs\retailmind\src\backend\app\Store\StoreScope.php(103): App\Store\StoreScope->id()
#4 C:\xampp\htdocs\retailmind\src\backend\app\Services\ProductCodeLookupService.php(184): App\Store\StoreScope->productScope()
#5 C:\xampp\htdocs\retailmind\src\backend\app\Services\ProductCodeLookupService.php(51): ProductCodeLookupService->productScope()
#6 C:\xampp\htdocs\retailmind\src\backend\tests\product_code_lookup_contract.php(113): ProductCodeLookupService->lookup()
#7 {main}
[27-Sep-2026 18:53:32 Asia/Manila] PHP Deprecated:  create_notification(): Implicitly marking parameter $reference_id as nullable is deprecated, the explicit nullable type must be used instead in C:\xampp\htdocs\retailmind\src\backend\includes\functions.php on line 461
[27-Sep-2026 18:53:32 Asia/Manila] PHP Deprecated:  create_notification(): Implicitly marking parameter $reference_type as nullable is deprecated, the explicit nullable type must be used instead in C:\xampp\htdocs\retailmind\src\backend\includes\functions.php on line 462
[27-Sep-2026 19:24:39 Asia/Manila] PDOException: SQLSTATE[23000]: Integrity constraint violation: 1451 Cannot delete or update a parent row: a foreign key constraint fails (`inventory_system`.`notifications`, CONSTRAINT `notifications_ibfk_1` FOREIGN KEY (`user_id`) REFERENCES `users` (`user_id`)) in C:\xampp\htdocs\retailmind\src\backend\tests\support\scan_workflow_fixture.php:140
Stack trace:
#0 C:\xampp\htdocs\retailmind\src\backend\tests\support\scan_workflow_fixture.php(140): PDO->exec()
#1 C:\xampp\htdocs\retailmind\src\backend\tests\support\scan_workflow_fixture.php(145): {closure:C:\xampp\htdocs\retailmind\src\backend\tests\support\scan_workflow_fixture.php:104}()
#2 {main}
[27-Sep-2026 19:25:38 Asia/Manila] PDOException: SQLSTATE[23000]: Integrity constraint violation: 1451 Cannot delete or update a parent row: a foreign key constraint fails (`inventory_system`.`notifications`, CONSTRAINT `notifications_ibfk_1` FOREIGN KEY (`user_id`) REFERENCES `users` (`user_id`)) in C:\xampp\htdocs\retailmind\src\backend\tests\support\scan_workflow_fixture.php:140
Stack trace:
#0 C:\xampp\htdocs\retailmind\src\backend\tests\support\scan_workflow_fixture.php(140): PDO->exec()
#1 C:\xampp\htdocs\retailmind\src\backend\tests\support\scan_workflow_fixture.php(145): {closure:C:\xampp\htdocs\retailmind\src\backend\tests\support\scan_workflow_fixture.php:104}()
#2 {main}
[27-Sep-2026 19:28:12 Asia/Manila] PDOException: SQLSTATE[23000]: Integrity constraint violation: 1451 Cannot delete or update a parent row: a foreign key constraint fails (`inventory_system`.`notifications`, CONSTRAINT `notifications_ibfk_1` FOREIGN KEY (`user_id`) REFERENCES `users` (`user_id`)) in C:\xampp\htdocs\retailmind\src\backend\tests\support\scan_workflow_fixture.php:140
Stack trace:
#0 C:\xampp\htdocs\retailmind\src\backend\tests\support\scan_workflow_fixture.php(140): PDO->exec()
#1 C:\xampp\htdocs\retailmind\src\backend\tests\support\scan_workflow_fixture.php(145): {closure:C:\xampp\htdocs\retailmind\src\backend\tests\support\scan_workflow_fixture.php:104}()
#2 {main}
[27-Sep-2026 19:31:10 Asia/Manila] PDOException: SQLSTATE[23000]: Integrity constraint violation: 1451 Cannot delete or update a parent row: a foreign key constraint fails (`inventory_system`.`notifications`, CONSTRAINT `notifications_ibfk_1` FOREIGN KEY (`user_id`) REFERENCES `users` (`user_id`)) in C:\xampp\htdocs\retailmind\src\backend\tests\support\scan_workflow_fixture.php:140
Stack trace:
#0 C:\xampp\htdocs\retailmind\src\backend\tests\support\scan_workflow_fixture.php(140): PDO->exec()
#1 C:\xampp\htdocs\retailmind\src\backend\tests\support\scan_workflow_fixture.php(145): {closure:C:\xampp\htdocs\retailmind\src\backend\tests\support\scan_workflow_fixture.php:104}()
#2 {main}
[27-Sep-2026 19:32:29 Asia/Manila] PDOException: SQLSTATE[23000]: Integrity constraint violation: 1451 Cannot delete or update a parent row: a foreign key constraint fails (`inventory_system`.`notifications`, CONSTRAINT `notifications_ibfk_1` FOREIGN KEY (`user_id`) REFERENCES `users` (`user_id`)) in C:\xampp\htdocs\retailmind\src\backend\tests\support\scan_workflow_fixture.php:140
Stack trace:
#0 C:\xampp\htdocs\retailmind\src\backend\tests\support\scan_workflow_fixture.php(140): PDO->exec()
#1 C:\xampp\htdocs\retailmind\src\backend\tests\support\scan_workflow_fixture.php(145): {closure:C:\xampp\htdocs\retailmind\src\backend\tests\support\scan_workflow_fixture.php:104}()
#2 {main}
[27-Sep-2026 19:33:07 Asia/Manila] PHP Deprecated:  create_notification(): Implicitly marking parameter $reference_id as nullable is deprecated, the explicit nullable type must be used instead in C:\xampp\htdocs\retailmind\src\backend\includes\functions.php on line 461
[27-Sep-2026 19:33:07 Asia/Manila] PHP Deprecated:  create_notification(): Implicitly marking parameter $reference_type as nullable is deprecated, the explicit nullable type must be used instead in C:\xampp\htdocs\retailmind\src\backend\includes\functions.php on line 462
[27-Sep-2026 19:34:26 Asia/Manila] PHP Deprecated:  create_notification(): Implicitly marking parameter $reference_id as nullable is deprecated, the explicit nullable type must be used instead in C:\xampp\htdocs\retailmind\src\backend\includes\functions.php on line 461
[27-Sep-2026 19:34:26 Asia/Manila] PHP Deprecated:  create_notification(): Implicitly marking parameter $reference_type as nullable is deprecated, the explicit nullable type must be used instead in C:\xampp\htdocs\retailmind\src\backend\includes\functions.php on line 462
[27-Sep-2026 19:34:53 Asia/Manila] PHP Deprecated:  create_notification(): Implicitly marking parameter $reference_id as nullable is deprecated, the explicit nullable type must be used instead in C:\xampp\htdocs\retailmind\src\backend\includes\functions.php on line 461
[27-Sep-2026 19:34:53 Asia/Manila] PHP Deprecated:  create_notification(): Implicitly marking parameter $reference_type as nullable is deprecated, the explicit nullable type must be used instead in C:\xampp\htdocs\retailmind\src\backend\includes\functions.php on line 462
[27-Sep-2026 19:35:04 Asia/Manila] PHP Deprecated:  create_notification(): Implicitly marking parameter $reference_id as nullable is deprecated, the explicit nullable type must be used instead in C:\xampp\htdocs\retailmind\src\backend\includes\functions.php on line 461
[27-Sep-2026 19:35:04 Asia/Manila] PHP Deprecated:  create_notification(): Implicitly marking parameter $reference_type as nullable is deprecated, the explicit nullable type must be used instead in C:\xampp\htdocs\retailmind\src\backend\includes\functions.php on line 462
[27-Sep-2026 19:40:27 Asia/Manila] PHP Warning:  Undefined variable $emergency in C:\xampp\htdocs\retailmind\src\backend\tests\role_capability_policy_contract.php on line 74
[27-Sep-2026 19:40:28 Asia/Manila] PHP Deprecated:  create_notification(): Implicitly marking parameter $reference_id as nullable is deprecated, the explicit nullable type must be used instead in C:\xampp\htdocs\retailmind\src\backend\includes\functions.php on line 461
[27-Sep-2026 19:40:28 Asia/Manila] PHP Deprecated:  create_notification(): Implicitly marking parameter $reference_type as nullable is deprecated, the explicit nullable type must be used instead in C:\xampp\htdocs\retailmind\src\backend\includes\functions.php on line 462
[27-Sep-2026 19:40:29 Asia/Manila] PHP Deprecated:  create_notification(): Implicitly marking parameter $reference_id as nullable is deprecated, the explicit nullable type must be used instead in C:\xampp\htdocs\retailmind\src\backend\includes\functions.php on line 461
[27-Sep-2026 19:40:29 Asia/Manila] PHP Deprecated:  create_notification(): Implicitly marking parameter $reference_type as nullable is deprecated, the explicit nullable type must be used instead in C:\xampp\htdocs\retailmind\src\backend\includes\functions.php on line 462
[27-Sep-2026 19:40:30 Asia/Manila] PHP Deprecated:  create_notification(): Implicitly marking parameter $reference_id as nullable is deprecated, the explicit nullable type must be used instead in C:\xampp\htdocs\retailmind\src\backend\includes\functions.php on line 461
[27-Sep-2026 19:40:30 Asia/Manila] PHP Deprecated:  create_notification(): Implicitly marking parameter $reference_type as nullable is deprecated, the explicit nullable type must be used instead in C:\xampp\htdocs\retailmind\src\backend\includes\functions.php on line 462
[27-Sep-2026 19:40:32 Asia/Manila] PHP Deprecated:  create_notification(): Implicitly marking parameter $reference_id as nullable is deprecated, the explicit nullable type must be used instead in C:\xampp\htdocs\retailmind\src\backend\includes\functions.php on line 461
[27-Sep-2026 19:40:32 Asia/Manila] PHP Deprecated:  create_notification(): Implicitly marking parameter $reference_type as nullable is deprecated, the explicit nullable type must be used instead in C:\xampp\htdocs\retailmind\src\backend\includes\functions.php on line 462
[27-Sep-2026 19:40:32 Asia/Manila] User role mapping sync skipped: SQLSTATE[HY000]: General error: 1 no such table: user_roles
[27-Sep-2026 19:40:32 Asia/Manila] User role mapping sync skipped: SQLSTATE[HY000]: General error: 1 no such table: user_roles
[27-Sep-2026 19:40:32 Asia/Manila] User role mapping sync skipped: SQLSTATE[HY000]: General error: 1 no such table: user_roles
[27-Sep-2026 19:40:32 Asia/Manila] User role mapping sync skipped: SQLSTATE[HY000]: General error: 1 no such table: user_roles
[27-Sep-2026 19:40:32 Asia/Manila] User role mapping sync skipped: SQLSTATE[HY000]: General error: 1 no such table: user_roles
[27-Sep-2026 19:40:33 Asia/Manila] User role mapping sync skipped: SQLSTATE[HY000]: General error: 1 no such table: user_roles
[27-Sep-2026 19:40:33 Asia/Manila] User role mapping sync skipped: SQLSTATE[HY000]: General error: 1 no such table: user_roles
[27-Sep-2026 19:40:33 Asia/Manila] PHP Deprecated:  create_notification(): Implicitly marking parameter $reference_id as nullable is deprecated, the explicit nullable type must be used instead in C:\xampp\htdocs\retailmind\src\backend\includes\functions.php on line 461
[27-Sep-2026 19:40:33 Asia/Manila] PHP Deprecated:  create_notification(): Implicitly marking parameter $reference_type as nullable is deprecated, the explicit nullable type must be used instead in C:\xampp\htdocs\retailmind\src\backend\includes\functions.php on line 462
[27-Sep-2026 19:40:34 Asia/Manila] PHP Deprecated:  create_notification(): Implicitly marking parameter $reference_id as nullable is deprecated, the explicit nullable type must be used instead in C:\xampp\htdocs\retailmind\src\backend\includes\functions.php on line 461
[27-Sep-2026 19:40:34 Asia/Manila] PHP Deprecated:  create_notification(): Implicitly marking parameter $reference_type as nullable is deprecated, the explicit nullable type must be used instead in C:\xampp\htdocs\retailmind\src\backend\includes\functions.php on line 462
[27-Sep-2026 19:40:34 Asia/Manila] User role mapping sync skipped: SQLSTATE[HY000]: General error: 1 no such table: user_roles
[27-Sep-2026 19:40:35 Asia/Manila] User role mapping sync skipped: SQLSTATE[HY000]: General error: 1 no such table: user_roles
[27-Sep-2026 19:40:35 Asia/Manila] User role mapping sync skipped: SQLSTATE[HY000]: General error: 1 no such table: user_roles
[27-Sep-2026 19:40:36 Asia/Manila] User role mapping sync skipped: SQLSTATE[HY000]: General error: 1 no such table: user_roles
[27-Sep-2026 19:40:36 Asia/Manila] User role mapping sync skipped: SQLSTATE[HY000]: General error: 1 no such table: user_roles
[27-Sep-2026 19:40:36 Asia/Manila] PHP Deprecated:  create_notification(): Implicitly marking parameter $reference_id as nullable is deprecated, the explicit nullable type must be used instead in C:\xampp\htdocs\retailmind\src\backend\includes\functions.php on line 461
[27-Sep-2026 19:40:36 Asia/Manila] PHP Deprecated:  create_notification(): Implicitly marking parameter $reference_type as nullable is deprecated, the explicit nullable type must be used instead in C:\xampp\htdocs\retailmind\src\backend\includes\functions.php on line 462
[27-Sep-2026 19:40:37 Asia/Manila] User role mapping sync skipped: SQLSTATE[HY000]: General error: 1 no such table: user_roles
[27-Sep-2026 19:40:37 Asia/Manila] User role mapping sync skipped: SQLSTATE[HY000]: General error: 1 no such table: user_roles
[27-Sep-2026 19:40:37 Asia/Manila] User role mapping sync skipped: SQLSTATE[HY000]: General error: 1 no such table: user_roles
[27-Sep-2026 19:40:37 Asia/Manila] User role mapping sync skipped: SQLSTATE[HY000]: General error: 1 no such table: user_roles
[27-Sep-2026 19:40:38 Asia/Manila] User role mapping sync skipped: SQLSTATE[HY000]: General error: 1 no such table: user_roles
[27-Sep-2026 19:40:38 Asia/Manila] User role mapping sync skipped: SQLSTATE[HY000]: General error: 1 no such table: user_roles
[27-Sep-2026 19:40:38 Asia/Manila] User role mapping sync skipped: SQLSTATE[HY000]: General error: 1 no such table: user_roles
[27-Sep-2026 19:40:38 Asia/Manila] User role mapping sync skipped: SQLSTATE[HY000]: General error: 1 no such table: user_roles
[27-Sep-2026 19:40:38 Asia/Manila] PHP Deprecated:  create_notification(): Implicitly marking parameter $reference_id as nullable is deprecated, the explicit nullable type must be used instead in C:\xampp\htdocs\retailmind\src\backend\includes\functions.php on line 461
[27-Sep-2026 19:40:38 Asia/Manila] PHP Deprecated:  create_notification(): Implicitly marking parameter $reference_type as nullable is deprecated, the explicit nullable type must be used instead in C:\xampp\htdocs\retailmind\src\backend\includes\functions.php on line 462
[27-Sep-2026 19:40:43 Asia/Manila] PHP Deprecated:  create_notification(): Implicitly marking parameter $reference_id as nullable is deprecated, the explicit nullable type must be used instead in C:\xampp\htdocs\retailmind\src\backend\includes\functions.php on line 461
[27-Sep-2026 19:40:43 Asia/Manila] PHP Deprecated:  create_notification(): Implicitly marking parameter $reference_type as nullable is deprecated, the explicit nullable type must be used instead in C:\xampp\htdocs\retailmind\src\backend\includes\functions.php on line 462
[27-Sep-2026 19:40:51 Asia/Manila] PHP Deprecated:  create_notification(): Implicitly marking parameter $reference_id as nullable is deprecated, the explicit nullable type must be used instead in C:\xampp\htdocs\retailmind\src\backend\includes\functions.php on line 461
[27-Sep-2026 19:40:51 Asia/Manila] PHP Deprecated:  create_notification(): Implicitly marking parameter $reference_type as nullable is deprecated, the explicit nullable type must be used instead in C:\xampp\htdocs\retailmind\src\backend\includes\functions.php on line 462
[27-Sep-2026 19:41:07 Asia/Manila] PHP Deprecated:  create_notification(): Implicitly marking parameter $reference_id as nullable is deprecated, the explicit nullable type must be used instead in C:\xampp\htdocs\retailmind\src\backend\includes\functions.php on line 461
[27-Sep-2026 19:41:07 Asia/Manila] PHP Deprecated:  create_notification(): Implicitly marking parameter $reference_type as nullable is deprecated, the explicit nullable type must be used instead in C:\xampp\htdocs\retailmind\src\backend\includes\functions.php on line 462
[27-Sep-2026 19:41:07 Asia/Manila] Stock issue manager notification skipped: SQLSTATE[HY000]: General error: 1 no such table: notifications
[27-Sep-2026 19:41:07 Asia/Manila] Stock issue user notification skipped: SQLSTATE[HY000]: General error: 1 no such table: notifications
[27-Sep-2026 19:41:07 Asia/Manila] Stock issue manager notification skipped: SQLSTATE[HY000]: General error: 1 no such table: notifications
[27-Sep-2026 19:41:07 Asia/Manila] Stock issue user notification skipped: SQLSTATE[HY000]: General error: 1 no such table: notifications
[27-Sep-2026 19:41:07 Asia/Manila] Stock issue manager notification skipped: SQLSTATE[HY000]: General error: 1 no such table: notifications
[27-Sep-2026 19:41:07 Asia/Manila] Stock issue manager notification skipped: SQLSTATE[HY000]: General error: 1 no such table: notifications
[27-Sep-2026 19:41:07 Asia/Manila] Stock issue user notification skipped: SQLSTATE[HY000]: General error: 1 no such table: notifications
[27-Sep-2026 19:41:07 Asia/Manila] Stock issue manager notification skipped: SQLSTATE[HY000]: General error: 1 no such table: notifications
[27-Sep-2026 19:41:07 Asia/Manila] PHP Deprecated:  create_notification(): Implicitly marking parameter $reference_id as nullable is deprecated, the explicit nullable type must be used instead in C:\xampp\htdocs\retailmind\src\backend\includes\functions.php on line 461
[27-Sep-2026 19:41:07 Asia/Manila] PHP Deprecated:  create_notification(): Implicitly marking parameter $reference_type as nullable is deprecated, the explicit nullable type must be used instead in C:\xampp\htdocs\retailmind\src\backend\includes\functions.php on line 462
[27-Sep-2026 19:41:07 Asia/Manila] PHP Deprecated:  create_notification(): Implicitly marking parameter $reference_id as nullable is deprecated, the explicit nullable type must be used instead in C:\xampp\htdocs\retailmind\src\backend\includes\functions.php on line 461
[27-Sep-2026 19:41:07 Asia/Manila] PHP Deprecated:  create_notification(): Implicitly marking parameter $reference_type as nullable is deprecated, the explicit nullable type must be used instead in C:\xampp\htdocs\retailmind\src\backend\includes\functions.php on line 462
[27-Sep-2026 19:41:08 Asia/Manila] PHP Deprecated:  create_notification(): Implicitly marking parameter $reference_id as nullable is deprecated, the explicit nullable type must be used instead in C:\xampp\htdocs\retailmind\src\backend\includes\functions.php on line 461
[27-Sep-2026 19:41:08 Asia/Manila] PHP Deprecated:  create_notification(): Implicitly marking parameter $reference_type as nullable is deprecated, the explicit nullable type must be used instead in C:\xampp\htdocs\retailmind\src\backend\includes\functions.php on line 462
[27-Sep-2026 19:41:11 Asia/Manila] Store write gate row unavailable: SQLSTATE[HY000]: General error: 1205 Lock wait timeout exceeded; try restarting transaction
[27-Sep-2026 19:41:11 Asia/Manila] Database restore: The Super Administrator password is incorrect.
[27-Sep-2026 19:41:11 Asia/Manila] Database restore: Select a RetailMind SQL backup (.sql). Encrypted backups are no longer accepted.
[27-Sep-2026 19:41:12 Asia/Manila] Database restore: The backup is incomplete.
[27-Sep-2026 19:41:12 Asia/Manila] PHP Warning:  rename(C:\Users\Mike\AppData\Local\Temp\rm-sql-test-f27f02b635b8/safety.capture.tmp,C:\Users\Mike\AppData\Local\Temp\rm-sql-test-f27f02b635b8/latest-safety.sql): Access is denied (code: 5) in C:\xampp\htdocs\retailmind\src\backend\app\Services\DatabaseRestoreService.php on line 170
[27-Sep-2026 19:41:12 Asia/Manila] Database restore: The safety backup could not be retained. Nothing was replaced.
[27-Sep-2026 19:41:14 Asia/Manila] Database restore: Injected failure after dropping users
[27-Sep-2026 19:41:14 Asia/Manila] Database restore: The Super Administrator password is incorrect.
[27-Sep-2026 19:41:15 Asia/Manila] PHP Deprecated:  create_notification(): Implicitly marking parameter $reference_id as nullable is deprecated, the explicit nullable type must be used instead in C:\xampp\htdocs\retailmind\src\backend\includes\functions.php on line 461
[27-Sep-2026 19:41:15 Asia/Manila] PHP Deprecated:  create_notification(): Implicitly marking parameter $reference_type as nullable is deprecated, the explicit nullable type must be used instead in C:\xampp\htdocs\retailmind\src\backend\includes\functions.php on line 462
[27-Sep-2026 19:41:15 Asia/Manila] PHP Deprecated:  App\Database\MigrationRunner::runPending(): Implicitly marking parameter $output as nullable is deprecated, the explicit nullable type must be used instead in C:\xampp\htdocs\retailmind\src\backend\app\Database\MigrationRunner.php on line 55
[27-Sep-2026 19:42:49 Asia/Manila] PHP Deprecated:  create_notification(): Implicitly marking parameter $reference_id as nullable is deprecated, the explicit nullable type must be used instead in C:\xampp\htdocs\retailmind\src\backend\includes\functions.php on line 461
[27-Sep-2026 19:42:49 Asia/Manila] PHP Deprecated:  create_notification(): Implicitly marking parameter $reference_type as nullable is deprecated, the explicit nullable type must be used instead in C:\xampp\htdocs\retailmind\src\backend\includes\functions.php on line 462
[27-Sep-2026 19:45:04 Asia/Manila] PHP Deprecated:  create_notification(): Implicitly marking parameter $reference_id as nullable is deprecated, the explicit nullable type must be used instead in C:\xampp\htdocs\retailmind\src\backend\includes\functions.php on line 461
[27-Sep-2026 19:45:04 Asia/Manila] PHP Deprecated:  create_notification(): Implicitly marking parameter $reference_type as nullable is deprecated, the explicit nullable type must be used instead in C:\xampp\htdocs\retailmind\src\backend\includes\functions.php on line 462
[27-Sep-2026 19:45:29 Asia/Manila] PHP Deprecated:  create_notification(): Implicitly marking parameter $reference_id as nullable is deprecated, the explicit nullable type must be used instead in C:\xampp\htdocs\retailmind\src\backend\includes\functions.php on line 461
[27-Sep-2026 19:45:29 Asia/Manila] PHP Deprecated:  create_notification(): Implicitly marking parameter $reference_type as nullable is deprecated, the explicit nullable type must be used instead in C:\xampp\htdocs\retailmind\src\backend\includes\functions.php on line 462
[27-Sep-2026 19:58:09 Asia/Manila] PHP Deprecated:  create_notification(): Implicitly marking parameter $reference_id as nullable is deprecated, the explicit nullable type must be used instead in C:\xampp\htdocs\retailmind\src\backend\includes\functions.php on line 461
[27-Sep-2026 19:58:09 Asia/Manila] PHP Deprecated:  create_notification(): Implicitly marking parameter $reference_type as nullable is deprecated, the explicit nullable type must be used instead in C:\xampp\htdocs\retailmind\src\backend\includes\functions.php on line 462
[27-Sep-2026 19:59:20 Asia/Manila] PHP Warning:  Undefined variable $emergency in C:\xampp\htdocs\retailmind\src\backend\tests\role_capability_policy_contract.php on line 74
[27-Sep-2026 19:59:21 Asia/Manila] PHP Deprecated:  create_notification(): Implicitly marking parameter $reference_id as nullable is deprecated, the explicit nullable type must be used instead in C:\xampp\htdocs\retailmind\src\backend\includes\functions.php on line 461
[27-Sep-2026 19:59:21 Asia/Manila] PHP Deprecated:  create_notification(): Implicitly marking parameter $reference_type as nullable is deprecated, the explicit nullable type must be used instead in C:\xampp\htdocs\retailmind\src\backend\includes\functions.php on line 462
[27-Sep-2026 19:59:22 Asia/Manila] PHP Deprecated:  create_notification(): Implicitly marking parameter $reference_id as nullable is deprecated, the explicit nullable type must be used instead in C:\xampp\htdocs\retailmind\src\backend\includes\functions.php on line 461
[27-Sep-2026 19:59:22 Asia/Manila] PHP Deprecated:  create_notification(): Implicitly marking parameter $reference_type as nullable is deprecated, the explicit nullable type must be used instead in C:\xampp\htdocs\retailmind\src\backend\includes\functions.php on line 462
[27-Sep-2026 19:59:23 Asia/Manila] PHP Deprecated:  create_notification(): Implicitly marking parameter $reference_id as nullable is deprecated, the explicit nullable type must be used instead in C:\xampp\htdocs\retailmind\src\backend\includes\functions.php on line 461
[27-Sep-2026 19:59:23 Asia/Manila] PHP Deprecated:  create_notification(): Implicitly marking parameter $reference_type as nullable is deprecated, the explicit nullable type must be used instead in C:\xampp\htdocs\retailmind\src\backend\includes\functions.php on line 462
[27-Sep-2026 19:59:25 Asia/Manila] PHP Deprecated:  create_notification(): Implicitly marking parameter $reference_id as nullable is deprecated, the explicit nullable type must be used instead in C:\xampp\htdocs\retailmind\src\backend\includes\functions.php on line 461
[27-Sep-2026 19:59:25 Asia/Manila] PHP Deprecated:  create_notification(): Implicitly marking parameter $reference_type as nullable is deprecated, the explicit nullable type must be used instead in C:\xampp\htdocs\retailmind\src\backend\includes\functions.php on line 462
[27-Sep-2026 19:59:25 Asia/Manila] User role mapping sync skipped: SQLSTATE[HY000]: General error: 1 no such table: user_roles
[27-Sep-2026 19:59:25 Asia/Manila] User role mapping sync skipped: SQLSTATE[HY000]: General error: 1 no such table: user_roles
[27-Sep-2026 19:59:25 Asia/Manila] User role mapping sync skipped: SQLSTATE[HY000]: General error: 1 no such table: user_roles
[27-Sep-2026 19:59:25 Asia/Manila] User role mapping sync skipped: SQLSTATE[HY000]: General error: 1 no such table: user_roles
[27-Sep-2026 19:59:25 Asia/Manila] User role mapping sync skipped: SQLSTATE[HY000]: General error: 1 no such table: user_roles
[27-Sep-2026 19:59:26 Asia/Manila] User role mapping sync skipped: SQLSTATE[HY000]: General error: 1 no such table: user_roles
[27-Sep-2026 19:59:26 Asia/Manila] User role mapping sync skipped: SQLSTATE[HY000]: General error: 1 no such table: user_roles
[27-Sep-2026 19:59:26 Asia/Manila] PHP Deprecated:  create_notification(): Implicitly marking parameter $reference_id as nullable is deprecated, the explicit nullable type must be used instead in C:\xampp\htdocs\retailmind\src\backend\includes\functions.php on line 461
[27-Sep-2026 19:59:26 Asia/Manila] PHP Deprecated:  create_notification(): Implicitly marking parameter $reference_type as nullable is deprecated, the explicit nullable type must be used instead in C:\xampp\htdocs\retailmind\src\backend\includes\functions.php on line 462
[27-Sep-2026 19:59:27 Asia/Manila] PHP Deprecated:  create_notification(): Implicitly marking parameter $reference_id as nullable is deprecated, the explicit nullable type must be used instead in C:\xampp\htdocs\retailmind\src\backend\includes\functions.php on line 461
[27-Sep-2026 19:59:27 Asia/Manila] PHP Deprecated:  create_notification(): Implicitly marking parameter $reference_type as nullable is deprecated, the explicit nullable type must be used instead in C:\xampp\htdocs\retailmind\src\backend\includes\functions.php on line 462
[27-Sep-2026 19:59:27 Asia/Manila] User role mapping sync skipped: SQLSTATE[HY000]: General error: 1 no such table: user_roles
[27-Sep-2026 19:59:28 Asia/Manila] User role mapping sync skipped: SQLSTATE[HY000]: General error: 1 no such table: user_roles
[27-Sep-2026 19:59:28 Asia/Manila] User role mapping sync skipped: SQLSTATE[HY000]: General error: 1 no such table: user_roles
[27-Sep-2026 19:59:28 Asia/Manila] User role mapping sync skipped: SQLSTATE[HY000]: General error: 1 no such table: user_roles
[27-Sep-2026 19:59:29 Asia/Manila] User role mapping sync skipped: SQLSTATE[HY000]: General error: 1 no such table: user_roles
[27-Sep-2026 19:59:29 Asia/Manila] PHP Deprecated:  create_notification(): Implicitly marking parameter $reference_id as nullable is deprecated, the explicit nullable type must be used instead in C:\xampp\htdocs\retailmind\src\backend\includes\functions.php on line 461
[27-Sep-2026 19:59:29 Asia/Manila] PHP Deprecated:  create_notification(): Implicitly marking parameter $reference_type as nullable is deprecated, the explicit nullable type must be used instead in C:\xampp\htdocs\retailmind\src\backend\includes\functions.php on line 462
[27-Sep-2026 19:59:30 Asia/Manila] User role mapping sync skipped: SQLSTATE[HY000]: General error: 1 no such table: user_roles
[27-Sep-2026 19:59:30 Asia/Manila] User role mapping sync skipped: SQLSTATE[HY000]: General error: 1 no such table: user_roles
[27-Sep-2026 19:59:30 Asia/Manila] User role mapping sync skipped: SQLSTATE[HY000]: General error: 1 no such table: user_roles
[27-Sep-2026 19:59:30 Asia/Manila] User role mapping sync skipped: SQLSTATE[HY000]: General error: 1 no such table: user_roles
[27-Sep-2026 19:59:31 Asia/Manila] User role mapping sync skipped: SQLSTATE[HY000]: General error: 1 no such table: user_roles
[27-Sep-2026 19:59:31 Asia/Manila] User role mapping sync skipped: SQLSTATE[HY000]: General error: 1 no such table: user_roles
[27-Sep-2026 19:59:31 Asia/Manila] User role mapping sync skipped: SQLSTATE[HY000]: General error: 1 no such table: user_roles
[27-Sep-2026 19:59:31 Asia/Manila] User role mapping sync skipped: SQLSTATE[HY000]: General error: 1 no such table: user_roles
[27-Sep-2026 19:59:31 Asia/Manila] PHP Deprecated:  create_notification(): Implicitly marking parameter $reference_id as nullable is deprecated, the explicit nullable type must be used instead in C:\xampp\htdocs\retailmind\src\backend\includes\functions.php on line 461
[27-Sep-2026 19:59:31 Asia/Manila] PHP Deprecated:  create_notification(): Implicitly marking parameter $reference_type as nullable is deprecated, the explicit nullable type must be used instead in C:\xampp\htdocs\retailmind\src\backend\includes\functions.php on line 462
[27-Sep-2026 19:59:36 Asia/Manila] PHP Deprecated:  create_notification(): Implicitly marking parameter $reference_id as nullable is deprecated, the explicit nullable type must be used instead in C:\xampp\htdocs\retailmind\src\backend\includes\functions.php on line 461
[27-Sep-2026 19:59:36 Asia/Manila] PHP Deprecated:  create_notification(): Implicitly marking parameter $reference_type as nullable is deprecated, the explicit nullable type must be used instead in C:\xampp\htdocs\retailmind\src\backend\includes\functions.php on line 462
[27-Sep-2026 19:59:43 Asia/Manila] PHP Deprecated:  create_notification(): Implicitly marking parameter $reference_id as nullable is deprecated, the explicit nullable type must be used instead in C:\xampp\htdocs\retailmind\src\backend\includes\functions.php on line 461
[27-Sep-2026 19:59:43 Asia/Manila] PHP Deprecated:  create_notification(): Implicitly marking parameter $reference_type as nullable is deprecated, the explicit nullable type must be used instead in C:\xampp\htdocs\retailmind\src\backend\includes\functions.php on line 462
[27-Sep-2026 19:59:59 Asia/Manila] PHP Deprecated:  create_notification(): Implicitly marking parameter $reference_id as nullable is deprecated, the explicit nullable type must be used instead in C:\xampp\htdocs\retailmind\src\backend\includes\functions.php on line 461
[27-Sep-2026 19:59:59 Asia/Manila] PHP Deprecated:  create_notification(): Implicitly marking parameter $reference_type as nullable is deprecated, the explicit nullable type must be used instead in C:\xampp\htdocs\retailmind\src\backend\includes\functions.php on line 462
[27-Sep-2026 19:59:59 Asia/Manila] Stock issue manager notification skipped: SQLSTATE[HY000]: General error: 1 no such table: notifications
[27-Sep-2026 19:59:59 Asia/Manila] Stock issue user notification skipped: SQLSTATE[HY000]: General error: 1 no such table: notifications
[27-Sep-2026 19:59:59 Asia/Manila] Stock issue manager notification skipped: SQLSTATE[HY000]: General error: 1 no such table: notifications
[27-Sep-2026 19:59:59 Asia/Manila] Stock issue user notification skipped: SQLSTATE[HY000]: General error: 1 no such table: notifications
[27-Sep-2026 19:59:59 Asia/Manila] Stock issue manager notification skipped: SQLSTATE[HY000]: General error: 1 no such table: notifications
[27-Sep-2026 19:59:59 Asia/Manila] Stock issue manager notification skipped: SQLSTATE[HY000]: General error: 1 no such table: notifications
[27-Sep-2026 19:59:59 Asia/Manila] Stock issue user notification skipped: SQLSTATE[HY000]: General error: 1 no such table: notifications
[27-Sep-2026 19:59:59 Asia/Manila] Stock issue manager notification skipped: SQLSTATE[HY000]: General error: 1 no such table: notifications
[27-Sep-2026 19:59:59 Asia/Manila] PHP Deprecated:  create_notification(): Implicitly marking parameter $reference_id as nullable is deprecated, the explicit nullable type must be used instead in C:\xampp\htdocs\retailmind\src\backend\includes\functions.php on line 461
[27-Sep-2026 19:59:59 Asia/Manila] PHP Deprecated:  create_notification(): Implicitly marking parameter $reference_type as nullable is deprecated, the explicit nullable type must be used instead in C:\xampp\htdocs\retailmind\src\backend\includes\functions.php on line 462
[27-Sep-2026 19:59:59 Asia/Manila] PHP Deprecated:  create_notification(): Implicitly marking parameter $reference_id as nullable is deprecated, the explicit nullable type must be used instead in C:\xampp\htdocs\retailmind\src\backend\includes\functions.php on line 461
[27-Sep-2026 19:59:59 Asia/Manila] PHP Deprecated:  create_notification(): Implicitly marking parameter $reference_type as nullable is deprecated, the explicit nullable type must be used instead in C:\xampp\htdocs\retailmind\src\backend\includes\functions.php on line 462
[27-Sep-2026 20:00:00 Asia/Manila] PHP Deprecated:  create_notification(): Implicitly marking parameter $reference_id as nullable is deprecated, the explicit nullable type must be used instead in C:\xampp\htdocs\retailmind\src\backend\includes\functions.php on line 461
[27-Sep-2026 20:00:00 Asia/Manila] PHP Deprecated:  create_notification(): Implicitly marking parameter $reference_type as nullable is deprecated, the explicit nullable type must be used instead in C:\xampp\htdocs\retailmind\src\backend\includes\functions.php on line 462
[27-Sep-2026 20:00:03 Asia/Manila] Store write gate row unavailable: SQLSTATE[HY000]: General error: 1205 Lock wait timeout exceeded; try restarting transaction
[27-Sep-2026 20:00:03 Asia/Manila] Database restore: The Super Administrator password is incorrect.
[27-Sep-2026 20:00:03 Asia/Manila] Database restore: Select a RetailMind SQL backup (.sql). Encrypted backups are no longer accepted.
[27-Sep-2026 20:00:04 Asia/Manila] Database restore: The backup is incomplete.
[27-Sep-2026 20:00:04 Asia/Manila] PHP Warning:  rename(C:\Users\Mike\AppData\Local\Temp\rm-sql-test-434995afff39/safety.capture.tmp,C:\Users\Mike\AppData\Local\Temp\rm-sql-test-434995afff39/latest-safety.sql): Access is denied (code: 5) in C:\xampp\htdocs\retailmind\src\backend\app\Services\DatabaseRestoreService.php on line 170
[27-Sep-2026 20:00:04 Asia/Manila] Database restore: The safety backup could not be retained. Nothing was replaced.
[27-Sep-2026 20:00:05 Asia/Manila] Database restore: Injected failure after dropping users
[27-Sep-2026 20:00:06 Asia/Manila] Database restore: The Super Administrator password is incorrect.
[27-Sep-2026 20:00:07 Asia/Manila] PHP Deprecated:  create_notification(): Implicitly marking parameter $reference_id as nullable is deprecated, the explicit nullable type must be used instead in C:\xampp\htdocs\retailmind\src\backend\includes\functions.php on line 461
[27-Sep-2026 20:00:07 Asia/Manila] PHP Deprecated:  create_notification(): Implicitly marking parameter $reference_type as nullable is deprecated, the explicit nullable type must be used instead in C:\xampp\htdocs\retailmind\src\backend\includes\functions.php on line 462
[27-Sep-2026 20:00:07 Asia/Manila] PHP Deprecated:  App\Database\MigrationRunner::runPending(): Implicitly marking parameter $output as nullable is deprecated, the explicit nullable type must be used instead in C:\xampp\htdocs\retailmind\src\backend\app\Database\MigrationRunner.php on line 55
[27-Sep-2026 20:00:38 Asia/Manila] PHP Deprecated:  create_notification(): Implicitly marking parameter $reference_id as nullable is deprecated, the explicit nullable type must be used instead in C:\xampp\htdocs\retailmind\src\backend\includes\functions.php on line 461
[27-Sep-2026 20:00:38 Asia/Manila] PHP Deprecated:  create_notification(): Implicitly marking parameter $reference_type as nullable is deprecated, the explicit nullable type must be used instead in C:\xampp\htdocs\retailmind\src\backend\includes\functions.php on line 462
[27-Sep-2026 20:17:22 Asia/Manila] PHP Warning:  fopen(C:\xampp\retailmind-private-fffeb3de3161f5fd/requests.lock): Failed to open stream: Permission denied in C:\xampp\htdocs\retailmind\src\backend\app\Backup\RecoveryStore.php on line 49
[27-Sep-2026 20:17:22 Asia/Manila] RuntimeException: Recovery coordination is unavailable. in C:\xampp\htdocs\retailmind\src\backend\app\Backup\RecoveryStore.php:51
Stack trace:
#0 C:\xampp\htdocs\retailmind\src\backend\bootstrap\app.php(125): App\Backup\RecoveryStore::admitRequest()
#1 C:\xampp\htdocs\retailmind\src\backend\tests\support\scan_workflow_fixture.php(11): require_once('...')
#2 {main}
[27-Sep-2026 20:17:22 Asia/Manila] PHP Warning:  fopen(C:\xampp\retailmind-private-fffeb3de3161f5fd/requests.lock): Failed to open stream: Permission denied in C:\xampp\htdocs\retailmind\src\backend\app\Backup\RecoveryStore.php on line 49
[27-Sep-2026 20:17:22 Asia/Manila] RuntimeException: Recovery coordination is unavailable. in C:\xampp\htdocs\retailmind\src\backend\app\Backup\RecoveryStore.php:51
Stack trace:
#0 C:\xampp\htdocs\retailmind\src\backend\bootstrap\app.php(125): App\Backup\RecoveryStore::admitRequest()
#1 C:\xampp\htdocs\retailmind\src\backend\tests\support\scan_workflow_fixture.php(11): require_once('...')
#2 {main}
[27-Sep-2026 20:17:48 Asia/Manila] PHP Deprecated:  create_notification(): Implicitly marking parameter $reference_id as nullable is deprecated, the explicit nullable type must be used instead in C:\xampp\htdocs\retailmind\src\backend\includes\functions.php on line 461
[27-Sep-2026 20:17:48 Asia/Manila] PHP Deprecated:  create_notification(): Implicitly marking parameter $reference_type as nullable is deprecated, the explicit nullable type must be used instead in C:\xampp\htdocs\retailmind\src\backend\includes\functions.php on line 462
[27-Sep-2026 20:19:32 Asia/Manila] PHP Deprecated:  create_notification(): Implicitly marking parameter $reference_id as nullable is deprecated, the explicit nullable type must be used instead in C:\xampp\htdocs\retailmind\src\backend\includes\functions.php on line 461
[27-Sep-2026 20:19:32 Asia/Manila] PHP Deprecated:  create_notification(): Implicitly marking parameter $reference_type as nullable is deprecated, the explicit nullable type must be used instead in C:\xampp\htdocs\retailmind\src\backend\includes\functions.php on line 462
